PN	Section	Features	Grade	Params_preview
LM2901A-SO2R-S	比较器	工业级 比较器	工业级	产品类别: 比较器 | 产品型号: LM2901A-SO2R-S | 状态: 量产 | 封装: SOP14 | 产品描述: 36V, General Comparator, BJT input, 4CH | 可替代产品: LM2901 | 应用领域: 通用产品, xEV
LM2901A-TS2R-S	比较器	工业级 比较器	工业级	产品类别: 比较器 | 产品型号: LM2901A-TS2R-S | 状态: 量产 | 封装: TSSOP14 | 产品描述: 36V, General Comparator, BJT input, 4CH | 可替代产品: LM2901 | 应用领域: 通用产品, xEV
LM2902A-SO2R-S	高压运算放大器	工业级 运放 比较器	工业级	产品类别: 高压运算放大器 | 产品型号: LM2902A-SO2R-S | 状态: 量产 | 封装: SOP14 | 产品描述: 36V, 4CH Amplifier | 可替代产品: LM2902 | 应用领域: 通用产品, xEV
LM2902A-TS2R-S	高压运算放大器	工业级 运放 比较器	工业级	产品类别: 高压运算放大器 | 产品型号: LM2902A-TS2R-S | 状态: 量产 | 封装: TSSOP14 | 产品描述: 36V, 4CH Amplifier | 可替代产品: LM2902 | 应用领域: 通用产品, xEV
LM2903A-SO1R-S	比较器	工业级 比较器	工业级	产品类别: 比较器 | 产品型号: LM2903A-SO1R-S | 状态: 量产 | 封装: SOP8 | 产品描述: 36V, General Comparator, BJT input, 2CH | 可替代产品: LM2903 | 应用领域: 通用产品, xEV
LM2903A-TS1R-S	比较器	工业级 比较器	工业级	产品类别: 比较器 | 产品型号: LM2903A-TS1R-S | 状态: 量产 | 封装: TSSOP8 | 产品描述: 36V, General Comparator, BJT input, 2CH | 可替代产品: LM2903 | 应用领域: 通用产品, xEV
LM2903A-VS1R-S	比较器	工业级 比较器	工业级	产品类别: 比较器 | 产品型号: LM2903A-VS1R-S | 状态: 量产 | 封装: MSOP8 | 产品描述: 36V, General Comparator, BJT input, 2CH | 可替代产品: LM2903 | 应用领域: 通用产品, xEV
LM2903DQ-SO1R-S	比较器	车规AEC-Q100 比较器	车规AEC-Q100	产品类别: 比较器 | 产品型号: LM2903DQ-SO1R-S | 状态: 量产 | 封装: SOP8 | 产品描述: 36V, General Comparator, BJT input, 2CH | 可替代产品: LM2903 | 应用领域: 通用产品, xEV
LM2903Q-TS1R-S	比较器	车规AEC-Q100 比较器	车规AEC-Q100	产品类别: 比较器 | 产品型号: LM2903Q-TS1R-S | 状态: 样品 | 封装: TSSOP8 | 产品描述: 36V, General Purpose Comparator, Open-Drain, 1us Delay, 2CH | 可替代产品: LM2903 | 应用领域: 通用产品, xEV
LM2903Q-VS1R-S	比较器	车规AEC-Q100 比较器	车规AEC-Q100	产品类别: 比较器 | 产品型号: LM2903Q-VS1R-S | 状态: 量产 | 封装: MSOP8 | 产品描述: 36V, General Purpose Comparator, Open-Drain, 1us Delay, 2CH | 可替代产品: LM2903 | 应用领域: 通用产品, xEV
LM2904A-SO1R-S	高压运算放大器	工业级 运放 比较器	工业级	产品类别: 高压运算放大器 | 产品型号: LM2904A-SO1R-S | 状态: 量产 | 封装: SOP8 | 产品描述: 36V, 2CH Amplifier | 可替代产品: LM2904 | 应用领域: 通用产品, xEV
LM2904A-TS1R-S	高压运算放大器	工业级 运放 比较器	工业级	产品类别: 高压运算放大器 | 产品型号: LM2904A-TS1R-S | 状态: 量产 | 封装: TSSOP8 | 产品描述: 36V, 2CH Amplifier | 可替代产品: LM2904 | 应用领域: 通用产品, xEV
LM2904A-VS1R-S	高压运算放大器	工业级 运放 比较器	工业级	产品类别: 高压运算放大器 | 产品型号: LM2904A-VS1R-S | 状态: 量产 | 封装: MSOP8 | 产品描述: 36V, 2CH Amplifier | 可替代产品: LM2904 | 应用领域: 通用产品, xEV
LM2904Q-SO1R-S	高压运算放大器	车规AEC-Q100 比较器 运放	车规AEC-Q100	产品类别: 高压运算放大器 | 产品型号: LM2904Q-SO1R-S | 状态: 量产 | 封装: SOP8 | 产品描述: 36V, General Purpose OPA, 1MHz, 2CH | 可替代产品: LM2904 | 应用领域: 通用产品, xEV
LM2904Q-VS1R-S	高压运算放大器	车规AEC-Q100 比较器 运放	车规AEC-Q100	产品类别: 高压运算放大器 | 产品型号: LM2904Q-VS1R-S | 状态: 样品 | 封装: MSOP8 | 产品描述: 36V, General Purpose OPA, 1MHz, 2CH | 可替代产品: LM2904 | 应用领域: 通用产品, xEV
T74L1G08Q-SC5R-S	与门	电平转换 车规AEC-Q100 逻辑门	车规AEC-Q100	产品类别: 与门 | 产品型号: T74L1G08Q-SC5R-S | 状态: 样品 | 封装: SOT353 | 产品描述: Single 2-input AND gate ,Supply Voltage 1.65–5.5V | 应用领域: 通用产品
T74L1G32Q-SC5R-S	与门	电平转换 车规AEC-Q100 逻辑门	车规AEC-Q100	产品类别: 与门 | 产品型号: T74L1G32Q-SC5R-S | 状态: 样品 | 封装: SOT353 | 产品描述: Single 2-input OR gate | 应用领域: 通用产品
T74L8T245Q-TS5R-S	自动方向	电平转换 车规AEC-Q100	车规AEC-Q100	产品类别: 自动方向 | 产品型号: T74L8T245Q-TS5R-S | 状态: 样品 | 封装: TSSOP24 | 产品描述: 8 bit dual supply translating transceiver with configurablevoltage translation; 3-state | 应用领域: 通用产品
TL331Q-S5TR-S	比较器	车规AEC-Q100 比较器	车规AEC-Q100	产品类别: 比较器 | 产品型号: TL331Q-S5TR-S | 状态: 量产 | 封装: SOT23-5 | 产品描述: High Voltage General Purpose Comparator, Open-Drain, 1us Delay, 1CH | 应用领域: 通用产品, xEV
TP1561AL1-S5TR-S	微功耗放大器	工业级 运放	工业级	产品类别: 微功耗放大器 | 产品型号: TP1561AL1-S5TR-S | 状态: 量产 | 封装: SOT23-5 | 产品描述: 6V, 6MHz RRIO OPA, 1CH | 可替代产品: TLV9001-Q1 | 应用领域: 通用产品
TP1562AL1-SO1R-S	微功耗放大器	工业级 运放	工业级	产品类别: 微功耗放大器 | 产品型号: TP1562AL1-SO1R-S | 状态: 量产 | 封装: SOP8 | 产品描述: 6V, 6MHz RRIO OPA, 2CH | 可替代产品: TLV9002-Q1 | 应用领域: 通用产品
TP1562AL1-VS1R-S	微功耗放大器	工业级 运放	工业级	产品类别: 微功耗放大器 | 产品型号: TP1562AL1-VS1R-S | 状态: 量产 | 封装: MSOP8 | 产品描述: 6V, 6MHz RRIO OPA, 2CH | 可替代产品: TLV9002-Q1 | 应用领域: 通用产品
TP1564AL1-SO2R-S	微功耗放大器	工业级 运放	工业级	产品类别: 微功耗放大器 | 产品型号: TP1564AL1-SO2R-S | 状态: 量产 | 封装: SOP14 | 产品描述: 6V, 6MHz RRIO OPA, 4CH | 可替代产品: TLV9004-Q1 | 应用领域: 通用产品
TP1564AL1-TS2R-S	微功耗放大器	工业级 运放	工业级	产品类别: 微功耗放大器 | 产品型号: TP1564AL1-TS2R-S | 状态: 量产 | 封装: TSSOP14 | 产品描述: 6V, 6MHz RRIO OPA, 4CH | 可替代产品: TLV9004-Q1 | 应用领域: 通用产品
TP2261L1-S5TR-S	高压运算放大器	工业级 运放	工业级	产品类别: 高压运算放大器 | 产品型号: TP2261L1-S5TR-S | 状态: 量产 | 封装: SOT23-5 | 产品描述: 36V, High slew rate, HighVoltage, OPA, 1CH | 应用领域: 通用产品
TP2262L1-SO1R-S	高压运算放大器	工业级 运放	工业级	产品类别: 高压运算放大器 | 产品型号: TP2262L1-SO1R-S | 状态: 量产 | 封装: SOP8 | 产品描述: 36V, High Slew Rate, HighVoltage, OPA, 2CH | 应用领域: 通用产品
TP2264-TS2R-S	高压运算放大器	工业级 运放	工业级	产品类别: 高压运算放大器 | 产品型号: TP2264-TS2R-S | 状态: 量产 | 封装: TSSOP14 | 产品描述: 36V, High Slew Rate, HighVoltage, OPA, 4CH | 应用领域: 通用产品
TPA132A1Q-SO1R-S	电流信号检测放大器	车规AEC-Q100 电流检测放大器	车规AEC-Q100	产品类别: 电流信号检测放大器 | 产品型号: TPA132A1Q-SO1R-S | 状态: 量产 | 封装: SOP8 | 产品描述: 80Vcm, High Precision, Current Sense Amplifier, 20V/V | 可替代产品: INA240/INA241 | 应用领域: 电机控制, 电磁阀
TPA132A1Q-TS1R-S	电流信号检测放大器	车规AEC-Q100 电流检测放大器	车规AEC-Q100	产品类别: 电流信号检测放大器 | 产品型号: TPA132A1Q-TS1R-S | 状态: 量产 | 封装: TSSOP8 | 产品描述: 80Vcm, High Precision, Current Sense Amplifier, 20V/V | 可替代产品: INA240/INA241 | 应用领域: 电机控制, 电磁阀
TPA132A2Q-SO1R-S	电流信号检测放大器	车规AEC-Q100 电流检测放大器	车规AEC-Q100	产品类别: 电流信号检测放大器 | 产品型号: TPA132A2Q-SO1R-S | 状态: 量产 | 封装: SOP8 | 产品描述: 80Vcm, High Precision, Current Sense Amplifier, 50V/V | 可替代产品: INA240/INA241 | 应用领域: 电机控制, 电磁阀
TPA132A2Q-TS1R-S	电流信号检测放大器	车规AEC-Q100 电流检测放大器	车规AEC-Q100	产品类别: 电流信号检测放大器 | 产品型号: TPA132A2Q-TS1R-S | 状态: 量产 | 封装: TSSOP8 | 产品描述: 80Vcm, High Precision, Current Sense Amplifier, 50V/V | 可替代产品: INA240/INA241 | 应用领域: 电机控制, 电磁阀
TPA132A3Q-SO1R-S	电流信号检测放大器	车规AEC-Q100 电流检测放大器	车规AEC-Q100	产品类别: 电流信号检测放大器 | 产品型号: TPA132A3Q-SO1R-S | 状态: 预量产 | 封装: SOP8 | 产品描述: 80Vcm, High Precision, Current Sense Amplifier, 100V/V | 可替代产品: INA240/INA241 | 应用领域: 电机控制, 电磁阀
TPA132A3Q-TS1R-S	电流信号检测放大器	车规AEC-Q100 电流检测放大器	车规AEC-Q100	产品类别: 电流信号检测放大器 | 产品型号: TPA132A3Q-TS1R-S | 状态: 预量产 | 封装: TSSOP8 | 产品描述: 80Vcm, High Precision, Current Sense Amplifier, 100V/V | 可替代产品: INA240/INA241 | 应用领域: 电机控制, 电磁阀
TPA1861Q-S5TR-S	高压运算放大器	车规AEC-Q100 运放	车规AEC-Q100	产品类别: 高压运算放大器 | 产品型号: TPA1861Q-S5TR-S | 状态: 量产 | 封装: SOT23-5 | 产品描述: 36V, 6MHz, 80uV Amplifier, 1CH | 可替代产品: OPA197 | 应用领域: 通用产品, xEV
TPA1862Q-SO1R-S	高压运算放大器	车规AEC-Q100 运放	车规AEC-Q100	产品类别: 高压运算放大器 | 产品型号: TPA1862Q-SO1R-S | 状态: 量产 | 封装: SOP8 | 产品描述: 36V, 6MHz, 80uV Amplifier, 2CH | 可替代产品: OPA2197 | 应用领域: 通用产品, xEV
TPA1881Q-S5TR-S	高压运算放大器	车规AEC-Q100 运放	车规AEC-Q100	产品类别: 高压运算放大器 | 产品型号: TPA1881Q-S5TR-S | 状态: 量产 | 封装: SOT23-5 | 产品描述: 36V, 12MHz, 50uV Amplifier, 1CH | 可替代产品: OPA197 | 应用领域: 通用产品, xEV
TPA1882Q-SO1R-S	高压运算放大器	车规AEC-Q100 运放	车规AEC-Q100	产品类别: 高压运算放大器 | 产品型号: TPA1882Q-SO1R-S | 状态: 量产 | 封装: SOP8 | 产品描述: 36V, 12MHz, 50uV Amplifier, 2CH | 可替代产品: OPA2197 | 应用领域: 通用产品, xEV
TPA1882Q-VR-S	高压运算放大器	车规AEC-Q100 运放	车规AEC-Q100	产品类别: 高压运算放大器 | 产品型号: TPA1882Q-VR-S | 状态: 量产 | 封装: MSOP8 | 产品描述: 36V, 12MHz, 50uV Amplifier, 2CH | 可替代产品: OPA2197 | 应用领域: 通用产品, xEV
TPA191A1Q-SC6R-S	电流信号检测放大器	车规AEC-Q100 电流检测放大器	车规AEC-Q100	产品类别: 电流信号检测放大器 | 产品型号: TPA191A1Q-SC6R-S | 状态: 量产 | 封装: SOT363 | 产品描述: 36Vcm, 150kHz Current-sense Amplifier, Bidirectional, G=20 | 可替代产品: INA199, INA191 | 应用领域: 通用产品, xEV
TPA191A2Q-SC6R-S	电流信号检测放大器	车规AEC-Q100 电流检测放大器	车规AEC-Q100	产品类别: 电流信号检测放大器 | 产品型号: TPA191A2Q-SC6R-S | 状态: 量产 | 封装: SOT363 | 产品描述: 36Vcm, 80kHz Current-sense Amplifier, Bidirectional, G=50 | 可替代产品: INA199, INA191 | 应用领域: 通用产品, xEV
TPA191A4Q-SC6R-S	电流信号检测放大器	车规AEC-Q100 电流检测放大器	车规AEC-Q100	产品类别: 电流信号检测放大器 | 产品型号: TPA191A4Q-SC6R-S | 状态: 量产 | 封装: SOT363 | 产品描述: 36Vcm, 30kHz Current-sense Amplifier, Bidirectional, G=100 | 可替代产品: INA199, INA191 | 应用领域: 通用产品, xEV
TPA191A5Q-SC6R-S	电流信号检测放大器	车规AEC-Q100 电流检测放大器	车规AEC-Q100	产品类别: 电流信号检测放大器 | 产品型号: TPA191A5Q-SC6R-S | 状态: 量产 | 封装: SOT363 | 产品描述: 36Vcm, 15kHz Current-sense Amplifier, Bidirectional, G=200 | 可替代产品: INA199, INA191 | 应用领域: 通用产品, xEV
TPA192A1Q-S6TR-S	电流信号检测放大器	车规AEC-Q100 电流检测放大器	车规AEC-Q100	产品类别: 电流信号检测放大器 | 产品型号: TPA192A1Q-S6TR-S | 状态: 样品 | 封装: SOT23-6 | 产品描述: 36V Vcm, 350kHz Current-sense Amplifier, Bidirectional, G=20 | 可替代产品: INA199, INA191 | 应用领域: 通用产品, xEV
TPA192A2Q-S6TR-S	电流信号检测放大器	车规AEC-Q100 电流检测放大器	车规AEC-Q100	产品类别: 电流信号检测放大器 | 产品型号: TPA192A2Q-S6TR-S | 状态: 预量产 | 封装: SOT23-6 | 产品描述: 36V Vcm, 210kHz Current-sense Amplifier, Bidirectional, G=50 | 可替代产品: INA199, INA191 | 应用领域: 通用产品, xEV
TPA192A3Q-S6TR-S	电流信号检测放大器	车规AEC-Q100 电流检测放大器	车规AEC-Q100	产品类别: 电流信号检测放大器 | 产品型号: TPA192A3Q-S6TR-S | 状态: 预量产 | 封装: SOT23-6 | 产品描述: 36V Vcm, 150kHz Current-sense Amplifier, Bidirectional, G = 100
TPA198A1Q-S5TR-S	电流信号检测放大器	车规AEC-Q100 电流检测放大器	车规AEC-Q100	产品类别: 电流信号检测放大器 | 产品型号: TPA198A1Q-S5TR-S | 状态: 预量产 | 封装: SOT23-5 | 产品描述: 36V Vcm, 350kHz Current-sense Amplifier, Unidirectional, G=20 | 可替代产品: INA199, INA191 | 应用领域: 通用产品, xEV
TPA198A2Q-S5TR-S	电流信号检测放大器	车规AEC-Q100 电流检测放大器	车规AEC-Q100	产品类别: 电流信号检测放大器 | 产品型号: TPA198A2Q-S5TR-S | 状态: 预量产 | 封装: SOT23-5 | 产品描述: 36V Vcm, 210kHz Current-sense Amplifier, Unidirectional, G=50 | 可替代产品: INA199, INA191 | 应用领域: 通用产品, xEV
TPA2031Q-S5TR-S	比较器	车规AEC-Q100 比较器	车规AEC-Q100	产品类别: 比较器 | 产品型号: TPA2031Q-S5TR-S | 状态: 量产 | 封装: SOT23-5 | 产品描述: 5V, 55ns High speed Comparators with Push-pull Output | 可替代产品: TS3021 | 应用领域: 通用产品, 激光雷达
TPA2296T-S5TR-S	电流信号检测放大器	电流检测放大器 工业级	工业级	产品类别: 电流信号检测放大器 | 产品型号: TPA2296T-S5TR-S | 状态: 量产 | 封装: SOT23-5 | 产品描述: HV, High-side Current Sense Amplifier | 可替代产品: LMP8640/INA293/INA280 | 应用领域: 通用产品, xEV
TPA2644-SO2R-S	高压运算放大器	工业级 运放	工业级	产品类别: 高压运算放大器 | 产品型号: TPA2644-SO2R-S | 状态: 量产 | 封装: SOP14 | 产品描述: High Voltage, High PSRR, Low Noise OPA | 应用领域: 通用产品, xEV
TPA2772Q-SO1R-S	高压运算放大器	车规AEC-Q100 运放	车规AEC-Q100	产品类别: 高压运算放大器 | 产品型号: TPA2772Q-SO1R-S | 状态: 量产 | 封装: SOP8 | 产品描述: 30V, 6MHz TO 15MHz, RRIO OPA, 2CH | 应用领域: 通用产品, xEV
TPA5561Q-S5TR-S	零漂运算放大器	车规AEC-Q100 运放	车规AEC-Q100	产品类别: 零漂运算放大器 | 产品型号: TPA5561Q-S5TR-S | 状态: 量产 | 封装: SOT23-5 | 产品描述: 5V, 3.5MHz, 50uV Vos, High Precision Amplifier | 可替代产品: TSZ181, OPA335 | 应用领域: 通用产品, xEV
TPA5562Q-SO1R-S	零漂运算放大器	车规AEC-Q100 运放	车规AEC-Q100	产品类别: 零漂运算放大器 | 产品型号: TPA5562Q-SO1R-S | 状态: 量产 | 封装: SOP8 | 产品描述: 5V, Zero-drift OPA, 2CH | 可替代产品: TSZ181 | 应用领域: 通用产品
TPA5562Q-VS1R-S	零漂运算放大器	车规AEC-Q100 运放	车规AEC-Q100	产品类别: 零漂运算放大器 | 产品型号: TPA5562Q-VS1R-S | 状态: 量产 | 封装: MSOP8 | 产品描述: 5V, Zero-drift OPA, 2CH | 可替代产品: TLV900xQ，TLV906xQ | 应用领域: 通用产品
TPA5571NQ-S6TR-S	零漂运算放大器	车规AEC-Q100 运放	车规AEC-Q100	产品类别: 零漂运算放大器 | 产品型号: TPA5571NQ-S6TR-S | 状态: 量产 | 封装: SOT23-6 | 产品描述: 5V, 15MHz, 500uV Amplifier with EN, 1CH | 可替代产品: TLV900xQ，TLV906xQ | 应用领域: 通用产品
TPA5571Q-S5TR-S	零漂运算放大器	车规AEC-Q100 运放	车规AEC-Q100	产品类别: 零漂运算放大器 | 产品型号: TPA5571Q-S5TR-S | 状态: 量产 | 封装: SOT23-5 | 产品描述: 5V, 15MHz, 500uV Amplifier, 1CH | 可替代产品: TLV900xQ，TLV906xQ | 应用领域: 通用产品
TPA5572Q-SO1R-S	零漂运算放大器	车规AEC-Q100 运放	车规AEC-Q100	产品类别: 零漂运算放大器 | 产品型号: TPA5572Q-SO1R-S | 状态: 量产 | 封装: SOP8 | 产品描述: 5V, 15MHz, 500uV Amplifier, 2CH | 可替代产品: TLV900xQ，TLV906xQ | 应用领域: 通用产品
TPA5572Q-VS1R-S	零漂运算放大器	车规AEC-Q100 运放	车规AEC-Q100	产品类别: 零漂运算放大器 | 产品型号: TPA5572Q-VS1R-S | 状态: 量产 | 封装: MSOP8 | 产品描述: 5V, 15MHz, 500uV Amplifier, 2CH | 可替代产品: TLV900xQ，TLV906xQ | 应用领域: 通用产品
TPA626-VS2R-S	AFE	传感器接口 工业级	工业级	产品类别: AFE | 产品型号: TPA626-VS2R-S | 状态: 量产 | 封装: MSOP10 | 产品描述: 0V-36V Sense Voltage, Bi-Directional Current and Power Monitor | 可替代产品: INA226-Q1 | 应用领域: BMS, 电流传感器
TPA6581Q-S5TR-S	低压运算放大器	车规AEC-Q100 运放	车规AEC-Q100	产品类别: 低压运算放大器 | 产品型号: TPA6581Q-S5TR-S | 状态: 量产 | 封装: SOT23-5 | 产品描述: 5V OPA, 10MHz, 8V/us, RRIO, 1CH | 可替代产品: TLV9061-Q1 | 应用领域: 通用产品, HVAC, PTC
TPA6582Q-SO1R-S	低压运算放大器	车规AEC-Q100 运放	车规AEC-Q100	产品类别: 低压运算放大器 | 产品型号: TPA6582Q-SO1R-S | 状态: 量产 | 封装: SOP8 | 产品描述: 5V OPA, 10MHz, 8V/us, RRIO, 2CH | 可替代产品: TLV9062-Q | 应用领域: 通用产品, HVAC, PTC
TPA6582Q-VS1R-S	低压运算放大器	车规AEC-Q100 运放	车规AEC-Q100	产品类别: 低压运算放大器 | 产品型号: TPA6582Q-VS1R-S | 状态: 量产 | 封装: MSOP8 | 产品描述: 5V OPA, 10MHz, 8V/us, RRIO, 2CH | 可替代产品: TLV9062-Q | 应用领域: 通用产品, HVAC, PTC
TPA6584Q-SO2R-S	低压运算放大器	车规AEC-Q100 运放	车规AEC-Q100	产品类别: 低压运算放大器 | 产品型号: TPA6584Q-SO2R-S | 状态: 预量产 | 封装: SOP14 | 产品描述: 5V OPA, 10MHz, 8V/us, RRIO, 4CH | 可替代产品: TLV9064-Q | 应用领域: 通用产品, HVAC, PTC
TPA6584Q-TS2R-S	低压运算放大器	车规AEC-Q100 运放	车规AEC-Q100	产品类别: 低压运算放大器 | 产品型号: TPA6584Q-TS2R-S | 状态: 预量产 | 封装: TSSOP14 | 产品描述: 5V OPA, 10MHz, 8V/us, RRIO, 4CH | 可替代产品: TLV9064-Q | 应用领域: 通用产品, HVAC, PTC
TPA8001Q-SOAR-S	隔离放大器和调制器	车规AEC-Q100 隔离放大器	车规AEC-Q100	产品类别: 隔离放大器和调制器 | 产品型号: TPA8001Q-SOAR-S | 状态: 预量产 | 封装: WSOP8 | 产品描述: G=8.2, Differential Output, ISO AMP | 可替代产品: AMC1300， AMC1301, NSI1300, | 应用领域: 新能源汽车三电系统 充电桩
TPA8003Q-SOAR-S	隔离放大器和调制器	车规AEC-Q100 隔离放大器	车规AEC-Q100	产品类别: 隔离放大器和调制器 | 产品型号: TPA8003Q-SOAR-S | 状态: 预量产 | 封装: WSOP8 | 产品描述: G=1, Differential Output, ISO AMP | 可替代产品: AMC1311,NSI1311,ACPL-C870 | 应用领域: 新能源汽车三电系统 充电桩
TPA8023-SO1R-S	隔离放大器和调制器	工业级 隔离放大器	工业级	产品类别: 隔离放大器和调制器 | 产品型号: TPA8023-SO1R-S | 状态: 量产 | 封装: SOP8 | 产品描述: G=1, 300KHz, Single-End Input/Output Isolated Amplifier | 可替代产品: AMC0211,AMC0311 | 应用领域: 通用产品
TPB7717Q-TS3R-S	电池监控	车规AEC-Q100 BMS	车规AEC-Q100	产品类别: 电池监控 | 产品型号: TPB7717Q-TS3R-S | 状态: 样品 | 封装: TSSOP16 | 产品描述: Communication translator for daisy chain
TPC5120Q-TS7R-S	高精度ADC	车规AEC-Q100 高精度ADC	车规AEC-Q100	产品类别: 高精度ADC | 产品型号: TPC5120Q-TS7R-S | 状态: 量产 | 封装: TSSOP38 | 产品描述: 12 bit, 1MSPS, 16CH ADC | 可替代产品: ADS7953-Q1 | 应用领域: BMS, 汽车配电单元, 车载信息娱乐系统, 充电桩, PTC, 面板
TPC5121Q-TS8R-S	高精度ADC	车规AEC-Q100 高精度ADC	车规AEC-Q100	产品类别: 高精度ADC | 产品型号: TPC5121Q-TS8R-S | 状态: 量产 | 封装: TSSOP30 | 产品描述: 12 bit, 1MSPS, 8CH ADC | 可替代产品: ADS7951-Q1 | 应用领域: BMS, 汽车配电单元, 车载信息娱乐系统, 充电桩, PTC, 面板
TPC6160IQ-VS2R-S	高精度ADC	车规AEC-Q100 高精度ADC	车规AEC-Q100	产品类别: 高精度ADC | 产品型号: TPC6160IQ-VS2R-S | 状态: 量产 | 封装: MSOP10 | 产品描述: I2C Interface, 16 bit, 8 kSPS, 4CH, Σ-Δ ADC with Internal Reference | 可替代产品: ADS1115-Q1 | 应用领域: BMS, 电流传感器, 汽车配电单元, 车载信息娱乐系统, 充电桩, PTC, 面板
TPC6160SQ-VS2R-S	高精度ADC	车规AEC-Q100 高精度ADC	车规AEC-Q100	产品类别: 高精度ADC | 产品型号: TPC6160SQ-VS2R-S | 状态: 量产 | 封装: MSOP10 | 产品描述: SPI Interface, 16 bit, 8 kSPS, 4CH, Σ-Δ ADC with Internal Reference and Temperature Sensor | 可替代产品: ADS1118-Q1 | 应用领域: BMS, 电流传感器, 汽车配电单元, 车载信息娱乐系统, 充电桩, PTC, 面板
TPC6200SQ-VS2R-S	高精度ADC	车规AEC-Q100 高精度ADC	车规AEC-Q100	产品类别: 高精度ADC | 产品型号: TPC6200SQ-VS2R-S | 状态: 量产 | 封装: MSOP10 | 产品描述: SPI Interface, 24bit, 32 kSPS, 4CH, Σ-Δ ADC with Internal Reference and Temperature Sensor | 可替代产品: ADS1118-Q1 | 应用领域: BMS, 电流传感器, 汽车配电单元, 车载信息娱乐系统, 充电桩, PTC, 面板
TPCMP202-VS1R-S	比较器	工业级 比较器	工业级	产品类别: 比较器 | 产品型号: TPCMP202-VS1R-S | 状态: 样品 | 封装: MSOP8 | 产品描述: 1.5 to 5.5V Comparator, Open-drain, 100ns delay, 2CH
TPCMP231Q-S5TR-S	比较器	车规AEC-Q100 比较器	车规AEC-Q100	产品类别: 比较器 | 产品型号: TPCMP231Q-S5TR-S | 状态: 量产 | 封装: SOT23-5 | 产品描述: 5V Comparator, 55ns, 1CH | 可替代产品: TLV3501/TS3021A | 应用领域: 通用产品, 峰值检测器与过零检测器
TPDA1000Q-QFVR-S	ASN 音频总线	车规AEC-Q100 音频总线	车规AEC-Q100	产品类别: 高速互联 | 产品型号: TPDA1000Q-QFVR-S | 状态: 量产 | 封装: QFN5X5-32 | 产品描述: Audio BUS Transceiver (ASN) | 可替代产品: AD2428 | 应用领域: 车载信息娱乐系统
TPDA1001Q-QFVR-S	ASN 音频总线	车规AEC-Q100 音频总线	车规AEC-Q100	产品类别: 高速互联 | 产品型号: TPDA1001Q-QFVR-S | 状态: 量产 | 封装: QFN5X5-32 | 产品描述: Audio Network Ordinary Node Only | 可替代产品: AD2427 | 应用领域: 车载信息娱乐系统
TPH2861-DF4R-S	高速运算放大器	工业级 运放	工业级	产品类别: 高速运算放大器 | 产品型号: TPH2861-DF4R-S | 状态: 量产 | 封装: DFN2X2-8 | 产品描述: 5V, 8GHz, G=7 Stable | 可替代产品: OPA855 | 应用领域: 激光雷达
TPH2861Q-DFVR-S	高速运算放大器	车规AEC-Q100 运放	车规AEC-Q100	产品类别: 高速运算放大器 | 产品型号: TPH2861Q-DFVR-S | 状态: 量产 | 封装: DFN2X2-8 | 产品描述: 5V, 8GHz, G=7 Stable | 可替代产品: OPA855-Q1 | 应用领域: 激光雷达
TPH2865Q-DFVR-S	高速运算放大器	车规AEC-Q100 运放	车规AEC-Q100	产品类别: 高速运算放大器 | 产品型号: TPH2865Q-DFVR-S | 状态: 量产 | 封装: DFN2X2-8 | 产品描述: 5V, 4GHz, G=7 Stable | 可替代产品: OPA858-Q1 | 应用领域: 激光雷达
TPL803133Q-DF6R-S	高压LDO	车规AEC-Q100 LDO	车规AEC-Q100	产品类别: 高压LDO | 产品型号: TPL803133Q-DF6R-S | 状态: 量产 | 封装: DFN3X3-8 | 产品描述: 42V/300mA Wide InputVoltage Range, 3uA Ultralow Iq LDO | 可替代产品: RTQ2569 | 应用领域: 通用产品
TPL803133Q-EV1R-S	高压LDO	车规AEC-Q100 LDO	车规AEC-Q100	产品类别: 高压LDO | 产品型号: TPL803133Q-EV1R-S | 状态: 量产 | 封装: EMSOP8 | 产品描述: 42V/300mA Wide InputVoltage Range, 3uA Ultralow Iq LDO | 可替代产品: TPS7B82-Q1 | 应用领域: 通用产品
TPL803133Q-ST4R-S	高压LDO	车规AEC-Q100 LDO	车规AEC-Q100	产品类别: 高压LDO | 产品型号: TPL803133Q-ST4R-S | 状态: 量产 | 封装: SOT223-3 | 产品描述: 42V/300mA Wide InputVoltage Range, 3uA Ultralow Iq LDO | 可替代产品: TPS7B69-Q1 | 应用领域: 通用产品
TPL803150Q-DF6R-S	高压LDO	车规AEC-Q100 LDO	车规AEC-Q100	产品类别: 高压LDO | 产品型号: TPL803150Q-DF6R-S | 状态: 量产 | 封装: DFN3X3-8 | 产品描述: 42V/300mA Wide InputVoltage Range, 3uA Ultralow Iq LDO | 可替代产品: RTQ2569 | 应用领域: 通用产品
TPL803150Q-EV1R-S	高压LDO	车规AEC-Q100 LDO	车规AEC-Q100	产品类别: 高压LDO | 产品型号: TPL803150Q-EV1R-S | 状态: 量产 | 封装: EMSOP8 | 产品描述: 42V/300mA Wide InputVoltage Range, 3uA Ultralow Iq LDO | 可替代产品: TPS7B82-Q1 | 应用领域: 通用产品
TPL803150Q-ST4R-S	高压LDO	车规AEC-Q100 LDO	车规AEC-Q100	产品类别: 高压LDO | 产品型号: TPL803150Q-ST4R-S | 状态: 量产 | 封装: SOT223-3 | 产品描述: 42V/300mA Wide InputVoltage Range, 3uA Ultralow Iq LDO | 可替代产品: TPS7B69-Q1 | 应用领域: 通用产品
TPL8032ADQ-ES1R-S	高压LDO	车规AEC-Q100 LDO	车规AEC-Q100	产品类别: 高压LDO | 产品型号: TPL8032ADQ-ES1R-S | 状态: 量产 | 封装: ESOP8 | 产品描述: 20V/300mA，79dB PSRR，5.68uVrms Ultra-low noise LDO | 可替代产品: TLS203,TPS763-Q1 | 应用领域: 通用产品
TPL803433Q-EV1R-S	高压LDO	车规AEC-Q100 LDO	车规AEC-Q100	产品类别: 高压LDO | 产品型号: TPL803433Q-EV1R-S | 状态: 量产 | 封装: EMSOP8 | 产品描述: 42V/300mA Wide Input Voltage Range, Ultralow Iq LDO with PG | 可替代产品: TPS7A66-Q1 | 应用领域: 通用产品
TPL803450Q-EV1R-S	高压LDO	车规AEC-Q100 LDO	车规AEC-Q100	产品类别: 高压LDO | 产品型号: TPL803450Q-EV1R-S | 状态: 量产 | 封装: EMSOP8 | 产品描述: 42V/300mA Wide Input Voltage Range, Ultralow Iq LDO with PG | 可替代产品: TPS7A66-Q1 | 应用领域: 通用产品
TPL803533Q-DF6R-S	高压LDO	车规AEC-Q100 LDO	车规AEC-Q100	产品类别: 高压LDO | 产品型号: TPL803533Q-DF6R-S | 状态: 量产 | 封装: DFN3X3-8 | 产品描述: 42V/300mA, 3-uA Low Quiescent Current, LDO | 可替代产品: MPQ2013(fixed output) | 应用领域: 通用产品
TPL803533Q-EV1R-S	高压LDO	车规AEC-Q100 LDO	车规AEC-Q100	产品类别: 高压LDO | 产品型号: TPL803533Q-EV1R-S | 状态: 量产 | 封装: EMSOP8 | 产品描述: 42V/300mA, 3-uA Low Quiescent Current, LDO | 可替代产品: TPS7B82-Q1 | 应用领域: 通用产品
TPL803550Q-DF6R-S	高压LDO	车规AEC-Q100 LDO	车规AEC-Q100	产品类别: 高压LDO | 产品型号: TPL803550Q-DF6R-S | 状态: 量产 | 封装: DFN3X3-8 | 产品描述: 42V/300mA, 3-uA Low Quiescent Current, LDO | 可替代产品: MPQ2013(fixed output) | 应用领域: 通用产品
TPL803550Q-EV1R-S	高压LDO	车规AEC-Q100 LDO	车规AEC-Q100	产品类别: 高压LDO | 产品型号: TPL803550Q-EV1R-S | 状态: 量产 | 封装: EMSOP8 | 产品描述: 42V/300mA, 3-uA Low Quiescent Current, LDO | 可替代产品: TPS7B82-Q1 | 应用领域: 通用产品
TPL8051ADQ-DFCR-S	高压LDO	车规AEC-Q100 LDO	车规AEC-Q100	产品类别: 高压LDO | 产品型号: TPL8051ADQ-DFCR-S | 状态: 量产 | 封装: DFN3X3-8 | 产品描述: 42V/450mA, Ultralow Iq LDO | 可替代产品: MPQ2013(adjustable output) | 应用领域: 通用产品
TPL8052ADQ-EV1R-S	高压LDO	车规AEC-Q100 LDO	车规AEC-Q100	产品类别: 高压LDO | 产品型号: TPL8052ADQ-EV1R-S | 状态: 预量产 | 封装: EMSOP8 | 产品描述: 42V/450mA Adjustable Low Dropout Linear Regulator | 可替代产品: LN20042
TPL8151ADQ-ES1R-S	高压LDO	车规AEC-Q100 LDO	车规AEC-Q100	产品类别: 高压LDO | 产品型号: TPL8151ADQ-ES1R-S | 状态: 量产 | 封装: ESOP8 | 产品描述: 30V/1.5A HVLDO | 可替代产品: LD1086 | 应用领域: 通用产品
TPL853633Q-TSBR-S	高压LDO	车规AEC-Q100 LDO	车规AEC-Q100	产品类别: 高压LDO | 产品型号: TPL853633Q-TSBR-S | 状态: 量产 | 封装: ETSSOP16 | 产品描述: 42V/300mA Low Iq LDO with Watchdog Timer | 可替代产品: TPS7B63xx-Q1, TPS7A63xx-Q1 | 应用领域: 通用产品
TPL853650Q-TSBR-S	高压LDO	车规AEC-Q100 LDO	车规AEC-Q100	产品类别: 高压LDO | 产品型号: TPL853650Q-TSBR-S | 状态: 量产 | 封装: ETSSOP16 | 产品描述: 42V/300mA Low Iq LDO with Watchdog Timer | 可替代产品: TPS7B63xx-Q1, TPS7A63xx-Q1 | 应用领域: 通用产品
TPL855633Q-TSCR-S	高压LDO	车规AEC-Q100 LDO	车规AEC-Q100	产品类别: 高压LDO | 产品型号: TPL855633Q-TSCR-S | 状态: 量产 | 封装: ETSSOP28 | 产品描述: 42V/500mA Low Iq LDO with Watchdog Timer | 可替代产品: TPS7B68xx-Q1 | 应用领域: 通用产品
TPL855650Q-TSCR-S	高压LDO	车规AEC-Q100 LDO	车规AEC-Q100	产品类别: 高压LDO | 产品型号: TPL855650Q-TSCR-S | 状态: 量产 | 封装: ETSSOP28 | 产品描述: 42V/500mA Low Iq LDO with Watchdog Timer | 可替代产品: TPS7B68xx-Q1 | 应用领域: 通用产品
TPL8601Q-ES1R-S	高压LDO	车规AEC-Q100 LDO	车规AEC-Q100	产品类别: 高压LDO | 产品型号: TPL8601Q-ES1R-S | 状态: 量产 | 封装: ESOP8 | 产品描述: 42V/150mA Voltage Tracking LDO with Output Feedback for Sensors Power Supply | 可替代产品: TLS115 | 应用领域: 通用产品
TPL8602FQ-ES1R-S	高压LDO	车规AEC-Q100 LDO	车规AEC-Q100	产品类别: 高压LDO | 产品型号: TPL8602FQ-ES1R-S | 状态: 量产 | 封装: ESOP8 | 产品描述: 42V/250mA Voltage Tracking LDO with Output Feedback for Sensors Power Supply | 可替代产品: TPS7B4253-Q1, TLE4253 | 应用领域: 通用产品
TPL8650Q-S5TR-S	高压LDO	车规AEC-Q100 LDO	车规AEC-Q100	产品类别: 高压LDO | 产品型号: TPL8650Q-S5TR-S | 状态: 量产 | 封装: SOT23-5 | 产品描述: 42V/50mA Voltage Tracking LDO with Output Feedback for Sensors Power Supply | 可替代产品: TPS7B4250-Q1，TLE4250， | 应用领域: 通用产品
TPL8771Q-TSBR-S	高压LDO	车规AEC-Q100 LDO	车规AEC-Q100	产品类别: 高压LDO | 产品型号: TPL8771Q-TSBR-S | 状态: 量产 | 封装: ETSSOP16 | 产品描述: 42V/300mA 1CH LDO with Accurate Current Sense and Protection | 可替代产品: TPS7B7701 | 应用领域: 天线
TPL8772Q-TSBR-S	高压LDO	车规AEC-Q100 LDO	车规AEC-Q100	产品类别: 高压LDO | 产品型号: TPL8772Q-TSBR-S | 状态: 量产 | 封装: ETSSOP16 | 产品描述: 42V/300mA 2CH LDO with Accurate Current Sense and Protection | 可替代产品: TPS7B7702 | 应用领域: 天线
TPL905212-S5TR-S	低压LDO	工业级 LDO	工业级	产品类别: 低压LDO | 产品型号: TPL905212-S5TR-S | 状态: 量产 | 封装: SOT23-5 | 产品描述: 5.5V, 500mA High PSRR, Ultra-low Noise LDO | 可替代产品: LP5907-Q1 | 应用领域: 通用产品
TPL905215-S5TR-S	低压LDO	工业级 LDO	工业级	产品类别: 低压LDO | 产品型号: TPL905215-S5TR-S | 状态: 量产 | 封装: SOT23-5 | 产品描述: 5.5V, 500mA High PSRR, Ultra-low Noise LDO | 可替代产品: LP5907-Q1 | 应用领域: 通用产品
TPL905218-S5TR-S	低压LDO	工业级 LDO	工业级	产品类别: 低压LDO | 产品型号: TPL905218-S5TR-S | 状态: 量产 | 封装: SOT23-5 | 产品描述: 5.5V, 500mA High PSRR, Ultra-low Noise LDO | 可替代产品: LP5907-Q1 | 应用领域: 通用产品
TPL905225-S5TR-S	低压LDO	工业级 LDO	工业级	产品类别: 低压LDO | 产品型号: TPL905225-S5TR-S | 状态: 量产 | 封装: SOT23-5 | 产品描述: 5.5V, 500mA High PSRR, Ultra-low Noise LDO | 可替代产品: LP5907-Q1 | 应用领域: 通用产品
TPL905228-S5TR-S	低压LDO	工业级 LDO	工业级	产品类别: 低压LDO | 产品型号: TPL905228-S5TR-S | 状态: 量产 | 封装: SOT23-5 | 产品描述: 5.5V, 500mA High PSRR, Ultra-low Noise LDO | 可替代产品: LP5907-Q1 | 应用领域: 通用产品
TPL905230-S5TR-S	低压LDO	工业级 LDO	工业级	产品类别: 低压LDO | 产品型号: TPL905230-S5TR-S | 状态: 量产 | 封装: SOT23-5 | 产品描述: 5.5V, 500mA High PSRR, Ultra-low Noise LDO | 可替代产品: LP5907-Q1 | 应用领域: 通用产品
TPL905233-S5TR-S	低压LDO	工业级 LDO	工业级	产品类别: 低压LDO | 产品型号: TPL905233-S5TR-S | 状态: 量产 | 封装: SOT23-5 | 产品描述: 5.5V, 500mA High PSRR, Ultra-low Noise LDO | 可替代产品: LP5907-Q1 | 应用领域: 通用产品
TPL905236-S5TR-S	低压LDO	工业级 LDO	工业级	产品类别: 低压LDO | 产品型号: TPL905236-S5TR-S | 状态: 量产 | 封装: SOT23-5 | 产品描述: 5.5V, 500mA High PSRR, Ultra-low Noise LDO | 可替代产品: LP5907-Q1 | 应用领域: 通用产品
TPL910ADJQ-DF6R-S	低压LDO	车规AEC-Q100 LDO	车规AEC-Q100	产品类别: 低压LDO | 产品型号: TPL910ADJQ-DF6R-S | 状态: 量产 | 封装: DFN3X3-8 | 产品描述: 5.5V/1A, Ultra-low Noise, LDO | 可替代产品: TPS7A8101-Q1, RTQ2510, | 应用领域: 通用产品
TPM1025Q-DFOR-S	非隔离栅极驱动	车规AEC-Q100 非隔离栅极驱动	车规AEC-Q100	产品类别: 非隔离栅极驱动 | 产品型号: TPM1025Q-DFOR-S | 状态: 样品 | 封装: DFN2X2-6 | 产品描述: 5V, 5A/7A GaN Driver
TPM2015Q-FC1R-S	非隔离栅极驱动	车规AEC-Q100 非隔离栅极驱动	车规AEC-Q100	产品类别: 非隔离栅极驱动 | 产品型号: TPM2015Q-FC1R-S | 状态: 量产 | 封装: QFN2X2-10 | 产品描述: 1CH Lowside GaN Gate Driver | 可替代产品: LMG1025-Q1 | 应用领域: 激光雷达, OBC, DCDC
TPM2025Q-FC1R-S	非隔离栅极驱动	车规AEC-Q100 非隔离栅极驱动	车规AEC-Q100	产品类别: 非隔离栅极驱动 | 产品型号: TPM2025Q-FC1R-S | 状态: 量产 | 封装: QFN2X2-10 | 产品描述: 2CH, 5V, 7A, GaN Driver | 可替代产品: LMG1025-Q1 | 应用领域: 激光雷达, OBC, DCDC
TPM27524Q-DF4R-S	非隔离栅极驱动	车规AEC-Q100 非隔离栅极驱动	车规AEC-Q100	产品类别: 非隔离栅极驱动 | 产品型号: TPM27524Q-DF4R-S | 状态: 量产 | 封装: DFN2X2-8 | 产品描述: 2CH, 25V 5A, Lowside Gate Driver | 可替代产品: UCC27524A-Q1 | 应用领域: 新能源汽车三电系统 充电桩
TPM27524Q-EV1R-S	非隔离栅极驱动	车规AEC-Q100 非隔离栅极驱动	车规AEC-Q100	产品类别: 非隔离栅极驱动 | 产品型号: TPM27524Q-EV1R-S | 状态: 量产 | 封装: EMSOP8 | 产品描述: 2CH, 25V 5A, Lowside Gate Driver | 可替代产品: UCC27524A-Q1 | 应用领域: 新能源汽车三电系统 充电桩
TPM27524Q-SO1R-S	非隔离栅极驱动	车规AEC-Q100 非隔离栅极驱动	车规AEC-Q100	产品类别: 非隔离栅极驱动 | 产品型号: TPM27524Q-SO1R-S | 状态: 量产 | 封装: SOP8 | 产品描述: 2CH, 25V 5A, Lowside Gate Driver | 可替代产品: UCC27524A-Q1 | 应用领域: 新能源汽车三电系统 充电桩
TPM5350BMQ-SOAR-S	隔离栅极驱动	车规AEC-Q100 隔离栅极驱动	车规AEC-Q100	产品类别: 隔离栅极驱动 | 产品型号: TPM5350BMQ-SOAR-S | 状态: 预量产 | 封装: WSOP8 | 产品描述: 40V, 5A, Isolated Gate Driver, Miller Clamp, 8V UVLO | 可替代产品: UCC5350MC, NSI6601 | 应用领域: OBC, DCDC, 热管理
TPM5350BSQ-SOAR-S	隔离栅极驱动	车规AEC-Q100 隔离栅极驱动	车规AEC-Q100	产品类别: 隔离栅极驱动 | 产品型号: TPM5350BSQ-SOAR-S | 状态: 样品 | 封装: WSOP8 | 产品描述: 40V, 5A, Isolated Gate Driver, Split Gate, 8V UVLO | 可替代产品: UCC5350MC, NSI6601 | 应用领域: OBC, DCDC, 热管理
TPM5350MQ-SOAR-S	隔离栅极驱动	车规AEC-Q100 隔离栅极驱动	车规AEC-Q100	产品类别: 隔离栅极驱动 | 产品型号: TPM5350MQ-SOAR-S | 状态: 量产 | 封装: WSOP8 | 产品描述: 40V, 5A, Isolated Gate Driver, Miller Clamp | 可替代产品: UCC5350MC, NSI6601 | 应用领域: 新能源汽车三电系统 充电桩
TPM5350SQ-SOAR-S	隔离栅极驱动	车规AEC-Q100 隔离栅极驱动	车规AEC-Q100	产品类别: 隔离栅极驱动 | 产品型号: TPM5350SQ-SOAR-S | 状态: 样品 | 封装: WSOP8 | 产品描述: 40V, 5A Isolated Gate Driver, Split gate
TPM6501AQ-S5TR-S	步进马达驱动	车规AEC-Q100 隔离电源 马达驱动	车规AEC-Q100	产品类别: 步进马达驱动 | 产品型号: TPM6501AQ-S5TR-S | 状态: 量产 | 封装: SOT23-5 | 产品描述: 30V, 500mA, Push-pull Isolated DCDC, 420 kHz | 可替代产品: SN6501-Q1 | 应用领域: 新能源汽车三电系统, 充电桩, BMS
TPM6505AQ-S6TR-S	步进马达驱动	车规AEC-Q100 隔离电源 马达驱动	车规AEC-Q100	产品类别: 步进马达驱动 | 产品型号: TPM6505AQ-S6TR-S | 状态: 量产 | 封装: SOT23-6 | 产品描述: 30V, 1A, Push-pull Isolated DCDC, 160 kHz | 可替代产品: SN6505A-Q1 | 应用领域: 新能源汽车三电系统, 充电桩, BMS
TPM6505BQ-S6TR-S	步进马达驱动	车规AEC-Q100 隔离电源 马达驱动	车规AEC-Q100	产品类别: 步进马达驱动 | 产品型号: TPM6505BQ-S6TR-S | 状态: 量产 | 封装: SOT23-6 | 产品描述: 30V, 1A, Push-pull Isolated DCDC, 420 kHz | 可替代产品: SN6505B-Q1 | 应用领域: 新能源汽车三电系统, 充电桩, BMS
TPM8909Q-QFZR-S	步进马达驱动	车规AEC-Q100 马达驱动	车规AEC-Q100	产品类别: 步进马达驱动 | 产品型号: TPM8909Q-QFZR-S | 状态: 量产 | 封装: QFN5X5-32 | 产品描述: 80V, 1A, 16CH, Half-bridge Capacitive Driver for VCSEL | 应用领域: 激光雷达
TPM92611Q-EV1R-S	LED 驱动	车规AEC-Q100 LED驱动	车规AEC-Q100	产品类别: LED 驱动 | 产品型号: TPM92611Q-EV1R-S | 状态: 量产 | 封装: EMSOP8 | 产品描述: 40V, 450mA, Linear LED Driver with Diagnostics | 可替代产品: TPS92611 | 应用领域: 照明系统
TPP361072Q-FC6R-S	降压变换器	车规AEC-Q100 降压变换器	车规AEC-Q100	产品类别: 降压变换器 | 产品型号: TPP361072Q-FC6R-S | 状态: 量产 | 封装: QFN2X3-12 | 产品描述: 36V, 1A, Low Iq Synchronous Step-Down Regulator, 2.1MHz, PFM | 可替代产品: LMR33610-Q1 | 应用领域: 车载信息娱乐系统, ADAS, 车身控制, HV/LV DCDC, OBC, 照明, 充电系统, 通用产品
TPP362070Q-FC6R-S	降压变换器	车规AEC-Q100 降压变换器	车规AEC-Q100	产品类别: 降压变换器 | 产品型号: TPP362070Q-FC6R-S | 状态: 预量产 | 封装: QFN2X3-12 | 产品描述: 36V, 2A, Low Iq Synchronous Step-Down Regulator, 400kHz, PFM | 可替代产品: LMR33620-Q1 | 应用领域: 车载信息娱乐系统, ADAS, 车身控制, HV/LV DCDC, OBC, 照明, 充电系统, 通用产品
TPP362072Q-FC6R-S	降压变换器	车规AEC-Q100 降压变换器	车规AEC-Q100	产品类别: 降压变换器 | 产品型号: TPP362072Q-FC6R-S | 状态: 预量产 | 封装: QFN2X3-12 | 产品描述: 36V, 2A, Low Iq Synchronous Step-Down Regulator, 2.1MHz, PFM | 可替代产品: LMR33620-Q1 | 应用领域: 车载信息娱乐系统, ADAS, 车身控制, HV/LV DCDC, OBC, 照明, 充电系统, 通用产品
TPP362075Q-FC6R-S	降压变换器	车规AEC-Q100 降压变换器	车规AEC-Q100	产品类别: 降压变换器 | 产品型号: TPP362075Q-FC6R-S | 状态: 预量产 | 封装: QFN2X3-12 | 产品描述: 36V, 2A, Low Iq Synchronous Step-Down Regulator, 2.1MHz, PFM, without FSS | 可替代产品: LMR33620-Q1
TPP363070Q-FC6R-S	降压变换器	车规AEC-Q100 降压变换器	车规AEC-Q100	产品类别: 降压变换器 | 产品型号: TPP363070Q-FC6R-S | 状态: 量产 | 封装: QFN2X3-12 | 产品描述: 36V, 3A, Low Iq Synchronous Step-Down Regulator, 400kHz, PFM | 可替代产品: LMR33630-Q1 | 应用领域: 车载信息娱乐系统, ADAS, 车身控制, HV/LV DCDC, OBC, 照明, 充电系统, 通用产品
TPP363072Q-FC6R-S	降压变换器	车规AEC-Q100 降压变换器	车规AEC-Q100	产品类别: 降压变换器 | 产品型号: TPP363072Q-FC6R-S | 状态: 量产 | 封装: QFN2X3-12 | 产品描述: 36V, 3A, Low Iq Synchronous Step-Down Regulator, 2.1MHz, PFM | 可替代产品: LMR33630-Q1 | 应用领域: 车载信息娱乐系统, ADAS, 车身控制, HV/LV DCDC, OBC, 照明, 充电系统, 通用产品
TPP363090Q-FC3R-S	降压变换器	车规AEC-Q100 降压变换器	车规AEC-Q100	产品类别: 降压变换器 | 产品型号: TPP363090Q-FC3R-S | 状态: 量产 | 封装: QFN4X3.5-14 | 产品描述: 36V, 3A, Low Iq Synchronous Step-Down Regulator, Auto Mode, with Spread Spectrum, Adj | 可替代产品: LM61430-Q1 | 应用领域: 车载信息娱乐系统, ADAS, 车身控制, HV/LV DCDC, OBC, 照明, 充电系统, 通用产品
TPP364090Q-FC3R-S	降压变换器	车规AEC-Q100 降压变换器	车规AEC-Q100	产品类别: 降压变换器 | 产品型号: TPP364090Q-FC3R-S | 状态: 预量产 | 封装: QFN4X3.5-14 | 产品描述: 36V, 4A, Auto Mode, With Spread Spectrum, Adj Output
TPP366090Q-FC3R-S	降压变换器	车规AEC-Q100 降压变换器	车规AEC-Q100	产品类别: 降压变换器 | 产品型号: TPP366090Q-FC3R-S | 状态: 量产 | 封装: QFN4X3.5-14 | 产品描述: 36V, 6A, Low Iq Synchronous Step-Down Regulator, Auto Mode, with Spread Spectrum, Adj | 可替代产品: LM61460-Q1 | 应用领域: 车载信息娱乐系统, ADAS, 车身控制, HV/LV DCDC, OBC, 照明, 充电系统, 通用产品
TPP366091Q-FC3R-S	降压变换器	车规AEC-Q100 降压变换器	车规AEC-Q100	产品类别: 降压变换器 | 产品型号: TPP366091Q-FC3R-S | 状态: 量产 | 封装: QFN4X3.5-14 | 产品描述: 36V, 6A, Low Iq Synchronous Step-Down Regulator, FPWM, with Spread Spectrum, Adj Output | 可替代产品: LM61460-Q1 | 应用领域: 车载信息娱乐系统, ADAS, 车身控制, HV/LV DCDC, OBC, 照明, 充电系统, 通用产品
TPQ50551Q-DFTR-S	升压变换器	车规AEC-Q100 DCDC 升压	车规AEC-Q100	产品类别: 升压变换器 | 产品型号: TPQ50551Q-DFTR-S | 状态: 量产 | 封装: DFN3X2-12 | 可替代产品: 50V, 2.2MHz, Boost/SEPIC/Flyback Controller with 1.5-A Driver and Hiccup Overload Protection LM5155-Q1, LM5156-Q1 | 应用领域: 新能源汽车三电系统, 充电桩, 无线充电, 照明系统
TPQ50551WQ-DFTR-S	升压变换器	车规AEC-Q100 DCDC 升压	车规AEC-Q100	产品类别: 升压变换器 | 产品型号: TPQ50551WQ-DFTR-S | 状态: 量产 | 封装: DFN3X2-12 | 产品描述: 50V, 2.2MHz, Boost/SEPIC/Flyback Controller with 1.5A Driver and Hiccup Overload Protection | 可替代产品: LM5155-Q1, LM5156-Q1 | 应用领域: 新能源汽车三电系统, 充电桩, 无线充电, 照明系统
TPQ50552Q-DFTR-S	升压变换器	车规AEC-Q100 DCDC 升压	车规AEC-Q100	产品类别: 升压变换器 | 产品型号: TPQ50552Q-DFTR-S | 状态: 量产 | 封装: DFN3X2-12 | 产品描述: 50V, 2.2MHz, Boost/SEPIC/Flyback Controller with 1.5A Driver and Spread Spectrum Function, | 可替代产品: LM5155-Q1, LM5156-Q1 | 应用领域: 新能源汽车三电系统, 充电桩, 无线充电, 照明系统
TPQ50553Q-DFTR-S	升压变换器	车规AEC-Q100 DCDC 升压	车规AEC-Q100	产品类别: 升压变换器 | 产品型号: TPQ50553Q-DFTR-S | 状态: 量产 | 封装: DFN3X2-12 | 产品描述: 50V, 2.2MHz, Boost/SEPIC/Flyback Controller with 1.5A Driver and Spread Spectrum Function | 可替代产品: LM5155-Q1, LM5156-Q1 | 应用领域: 新能源汽车三电系统, 充电桩, 无线充电, 照明系统
TPQ5055Q-DFTR-S	升压变换器	车规AEC-Q100 DCDC 升压	车规AEC-Q100	产品类别: 升压变换器 | 产品型号: TPQ5055Q-DFTR-S | 状态: 量产 | 封装: DFN3X2-12 | 产品描述: 50V, 2.2MHz, Boost/SEPIC/Flyback Controller with 1.5A Driver | 可替代产品: LM5155-Q1, LM5156-Q1 | 应用领域: 新能源汽车三电系统, 充电桩, 无线充电, 照明系统
TPQ50571Q-QFNR-S	升压变换器	车规AEC-Q100 DCDC 升压	车规AEC-Q100	产品类别: 升压变换器 | 产品型号: TPQ50571Q-QFNR-S | 状态: 量产 | 封装: QFN3X3-16 | 产品描述: 50V, 5A, 2.2MHz Boost/SEPIC/Flyback Converter with Spread Spectrum | 可替代产品: TPS55340-Q, LM51571-Q | 应用领域: 新能源汽车三电系统, 充电桩, 无线充电, 照明系统
TPQ50571WQ-QFNR-S	升压变换器	车规AEC-Q100 DCDC 升压	车规AEC-Q100	产品类别: 升压变换器 | 产品型号: TPQ50571WQ-QFNR-S | 状态: 量产 | 封装: QFN3X3-16 | 产品描述: 50V, 5A, 2.2MHz Boost/SEPIC/Flyback Converter with Spread Spectrum | 可替代产品: TPS55340-Q, LM51571-Q | 应用领域: 新能源汽车三电系统, 充电桩, 无线充电, 照明系统
TPQ5180Q-DFMR-S	升压变换器	车规AEC-Q100 DCDC 升压	车规AEC-Q100	产品类别: 升压变换器 | 产品型号: TPQ5180Q-DFMR-S | 状态: 量产 | 封装: DFN4X4-8 | 产品描述: 75V, PSR Flyback DC/DC Converter with 100V, 2A Internal Switch | 可替代产品: LM5180-Q1, LM21580-Q1 | 应用领域: 新能源汽车三电系统, 充电桩, 无线充电, 照明系统
TPQ5181Q-DFMR-S	升压变换器	车规AEC-Q100 DCDC 升压	车规AEC-Q100	产品类别: 升压变换器 | 产品型号: TPQ5181Q-DFMR-S | 状态: 量产 | 封装: DFN4X4-8 | 产品描述: 60V, PSR Flyback DC/DC Converter with 100V, 2A Internal Switch | 可替代产品: LM5180-Q1, LM21580-Q1 | 应用领域: 新能源汽车三电系统, 充电桩, 无线充电, 照明系统
TPR3312-S3TR-S	串联型电压基准	工业级 电压基准	工业级	产品类别: 串联型电压基准 | 产品型号: TPR3312-S3TR-S | 状态: 量产 | 封装: SOT23G-3 | 产品描述: Low Temp-Co, Precision Series Voltage Reference | 可替代产品: REF31, REF33 | 应用领域: 通用产品
TPR3320-S3TR-S	串联型电压基准	工业级 电压基准	工业级	产品类别: 串联型电压基准 | 产品型号: TPR3320-S3TR-S | 状态: 量产 | 封装: SOT23G-3 | 产品描述: Low Temp-Co, Precision Series Voltage Reference | 可替代产品: REF31, REF33 | 应用领域: 通用产品
TPR3325-S3TR-S	串联型电压基准	工业级 电压基准	工业级	产品类别: 串联型电压基准 | 产品型号: TPR3325-S3TR-S | 状态: 量产 | 封装: SOT23G-3 | 产品描述: Low Temp-Co, Precision Series Voltage Reference | 可替代产品: REF31, REF33 | 应用领域: 通用产品
TPR3330-S3TR-S	串联型电压基准	工业级 电压基准	工业级	产品类别: 串联型电压基准 | 产品型号: TPR3330-S3TR-S | 状态: 量产 | 封装: SOT23G-3 | 产品描述: Low Temp-Co, Precision Series Voltage Reference | 可替代产品: REF31, REF33 | 应用领域: 通用产品
TPR3333-S3TR-S	串联型电压基准	工业级 电压基准	工业级	产品类别: 串联型电压基准 | 产品型号: TPR3333-S3TR-S | 状态: 量产 | 封装: SOT23G-3 | 产品描述: Low Temp-Co, Precision Series Voltage Reference | 可替代产品: REF31, REF33 | 应用领域: 通用产品
TPR3340-S3TR-S	串联型电压基准	工业级 电压基准	工业级	产品类别: 串联型电压基准 | 产品型号: TPR3340-S3TR-S | 状态: 量产 | 封装: SOT23G-3 | 产品描述: Low Temp-Co, Precision Series Voltage Reference | 可替代产品: REF31, REF33 | 应用领域: 通用产品
TPR3630Q-S6TR-S	串联型电压基准	车规AEC-Q100 电压基准	车规AEC-Q100	产品类别: 串联型电压基准 | 产品型号: TPR3630Q-S6TR-S | 状态: 样品 | 封装: SOT23-6 | 产品描述: 0.05%, 10ppm/°C, Series Voltage Reference | 可替代产品: REF34
TPR3633Q-S6TR-S	串联型电压基准	车规AEC-Q100 电压基准	车规AEC-Q100	产品类别: 串联型电压基准 | 产品型号: TPR3633Q-S6TR-S | 状态: 样品 | 封装: SOT23-6 | 产品描述: 0.05%, 10ppm/°C, Series Voltage Reference | 可替代产品: REF34
TPR431B-S3TR-S	串联型电压基准	工业级 电压基准	工业级	产品类别: 串联型电压基准 | 产品型号: TPR431B-S3TR-S | 状态: 量产 | 封装: SOT23G-3 | 产品描述: Precision Shunt Voltage Reference | 可替代产品: TL431-Q1 | 应用领域: 通用产品
TPR433BQ-3STR-S	串联型电压基准	车规AEC-Q100 电压基准	车规AEC-Q100	产品类别: 串联型电压基准 | 产品型号: TPR433BQ-3STR-S | 状态: 量产 | 封装: SOT23G-3 | 产品描述: 36V Precision Adjustable Shunt Voltage Reference | 可替代产品: TL431-Q1 | 应用领域: 通用产品
TPR434BQ-3STR-S	串联型电压基准	车规AEC-Q100 电压基准	车规AEC-Q100	产品类别: 串联型电压基准 | 产品型号: TPR434BQ-3STR-S | 状态: 量产 | 封装: SOT23G-3 | 产品描述: 36V Precision Adjustable Shunt Voltage Reference | 可替代产品: TL431-Q1 | 应用领域: 通用产品
TPR6040F20-S3TR-S	并联型电压基准	工业级 电压基准	工业级	产品类别: 并联型电压基准 | 产品型号: TPR6040F20-S3TR-S | 状态: 量产 | 封装: SOT23G-3 | 产品描述: 0.1%, 25ppm/ °C, Shunt Voltage Reference | 可替代产品: LM4040, TL4040,ADR504x | 应用领域: 通用产品
TPR6040F25-S3TR-S	并联型电压基准	工业级 电压基准	工业级	产品类别: 并联型电压基准 | 产品型号: TPR6040F25-S3TR-S | 状态: 量产 | 封装: SOT23G-3 | 产品描述: 0.1%, 25ppm/ °C, Shunt Voltage Reference | 可替代产品: LM4040, TL4040,ADR504x | 应用领域: 通用产品
TPR6040F30-S3TR-S	并联型电压基准	工业级 电压基准	工业级	产品类别: 并联型电压基准 | 产品型号: TPR6040F30-S3TR-S | 状态: 量产 | 封装: SOT23G-3 | 产品描述: 0.1%, 25ppm/ °C, Shunt Voltage Reference | 可替代产品: LM4040, TL4040,ADR504x | 应用领域: 通用产品
TPR6040F33-S3TR-S	并联型电压基准	工业级 电压基准	工业级	产品类别: 并联型电压基准 | 产品型号: TPR6040F33-S3TR-S | 状态: 量产 | 封装: SOT23G-3 | 产品描述: 0.1%, 25ppm/ °C, Shunt Voltage Reference | 可替代产品: LM4040, TL4040,ADR504x | 应用领域: 通用产品
TPR6040F40-S3TR-S	并联型电压基准	工业级 电压基准	工业级	产品类别: 并联型电压基准 | 产品型号: TPR6040F40-S3TR-S | 状态: 量产 | 封装: SOT23G-3 | 产品描述: 0.1%, 25ppm/ °C, Shunt Voltage Reference | 可替代产品: LM4040, TL4040,ADR504x | 应用领域: 通用产品
TPR6040F50-S3TR-S	并联型电压基准	工业级 电压基准	工业级	产品类别: 并联型电压基准 | 产品型号: TPR6040F50-S3TR-S | 状态: 量产 | 封装: SOT23G-3 | 产品描述: 0.1%, 25ppm/ °C, Shunt Voltage Reference | 可替代产品: LM4040, TL4040,ADR504x | 应用领域: 通用产品
TPS42Q20AQ-TSCR-S	高边开关	车规AEC-Q100 负载开关 高边开关	车规AEC-Q100	产品类别: 高边开关 | 产品型号: TPS42Q20AQ-TSCR-S | 状态: 预量产 | 封装: ETSSOP28 | 产品描述: 4CH 42V/100mohm Smart High-Side Switch with Status Indication | 可替代产品: TPS4H160A-Q1 | 应用领域: BCM
TPS42Q20BQ-TSCR-S	高边开关	车规AEC-Q100 负载开关 高边开关	车规AEC-Q100	产品类别: 高边开关 | 产品型号: TPS42Q20BQ-TSCR-S | 状态: 预量产 | 封装: ETSSOP28 | 产品描述: 4CH 42V/100mohm Smart High-Side Switch with Status Indication | 可替代产品: TPS4H160B-Q1 | 应用领域: BCM
TPS42S40AQ-TSAR-S	高边开关	车规AEC-Q100 负载开关 高边开关	车规AEC-Q100	产品类别: 高边开关 | 产品型号: TPS42S40AQ-TSAR-S | 状态: 量产 | 封装: ETSSOP14 | 产品描述: 42V/4A Smart High-Side Switch with Status Indication | 可替代产品: TPS1H100A-Q1 | 应用领域: BCM
TPS42S40BQ-TSAR-S	高边开关	车规AEC-Q100 负载开关 高边开关	车规AEC-Q100	产品类别: 高边开关 | 产品型号: TPS42S40BQ-TSAR-S | 状态: 量产 | 封装: ETSSOP14 | 产品描述: 42V/4A Smart High-Side Switch with Current Sense | 可替代产品: TPS1H100B-Q1 | 应用领域: BCM
TPS60C01Q-QFZR-S	eFuse	车规AEC-Q100 电子保险丝	车规AEC-Q100	产品类别: eFuse | 产品型号: TPS60C01Q-QFZR-S | 状态: 量产 | 封装: QFN5X5-32 | 产品描述: High-side Efuse Controller | 可替代产品: VNF1048 | 应用领域: BCM
TPS65R01Q-S6TR-S	理想二极管控制器	车规AEC-Q100 理想二极管控制器 理想二极管	车规AEC-Q100	产品类别: 理想二极管控制器 | 产品型号: TPS65R01Q-S6TR-S | 状态: 量产 | 封装: SOT23-6 | 产品描述: 65V Ideal Diode Controller | 可替代产品: LM74700 | 应用领域: 通用产品
TPT1021EQ-DFCR-S	LIN 收发器	车规AEC-Q100 LIN	车规AEC-Q100	产品类别: LIN 收发器 | 产品型号: TPT1021EQ-DFCR-S | 状态: 量产 | 封装: DFN3X3-8 | 产品描述: 45V LIN BUS, 1CH | 可替代产品: TJA1021 | 应用领域: 车用LIN 网络, 通用产品
TPT1021EQ-SO1R-S	LIN 收发器	车规AEC-Q100 LIN	车规AEC-Q100	产品类别: LIN 收发器 | 产品型号: TPT1021EQ-SO1R-S | 状态: 量产 | 封装: SOP8 | 产品描述: 45V LIN BUS, 1CH | 可替代产品: TJA1021 | 应用领域: 车用LIN 网络, 通用产品
TPT1022Q-DFKR-S	LIN 收发器	车规AEC-Q100 LIN	车规AEC-Q100	产品类别: LIN 收发器 | 产品型号: TPT1022Q-DFKR-S | 状态: 量产 | 封装: DFN4.5X3-14 | 产品描述: 45V LIN BUS, 2CH | 可替代产品: TJA1022 | 应用领域: 车用LIN 网络, 通用产品
TPT1022Q-SO2R-S	LIN 收发器	车规AEC-Q100 LIN	车规AEC-Q100	产品类别: LIN 收发器 | 产品型号: TPT1022Q-SO2R-S | 状态: 量产 | 封装: SOP14 | 产品描述: 45V LIN BUS, 2CH | 可替代产品: TJA1022 | 应用领域: 车用LIN 网络, 通用产品
TPT1024Q-QFXR-S	LIN 收发器	车规AEC-Q100 LIN	车规AEC-Q100	产品类别: LIN 收发器 | 产品型号: TPT1024Q-QFXR-S | 状态: 量产 | 封装: QFN5.5X3.5-24 | 产品描述: 45V LIN BUS, 4CH | 可替代产品: TJA1024 | 应用领域: 车用LIN 网络, 通用产品
TPT10283Q-DFCR-S	SBC	SBC 车规AEC-Q100	车规AEC-Q100	产品类别: SBC | 产品型号: TPT10283Q-DFCR-S | 状态: 量产 | 封装: DFN3X3-8 | 产品描述: 3.3V, 125mA, LIN SBC | 可替代产品: TJA1028, TLIN1028 | 应用领域: 车用LIN 网络, BCM
TPT10283Q-ES1R-S	SBC	SBC 车规AEC-Q100	车规AEC-Q100	产品类别: SBC | 产品型号: TPT10283Q-ES1R-S | 状态: 量产 | 封装: ESOP8 | 产品描述: 3.3V, 125mA, LIN SBC | 可替代产品: TJA1028, TLIN1028 | 应用领域: 车用LIN 网络, BCM
TPT10283Q-SO1R-S	SBC	SBC 车规AEC-Q100	车规AEC-Q100	产品类别: SBC | 产品型号: TPT10283Q-SO1R-S | 状态: 量产 | 封装: SOP8 | 产品描述: 3.3V, 125mA, LIN SBC | 可替代产品: TJA1028, TLIN1028 | 应用领域: 车用LIN 网络, BCM
TPT10285Q-DFCR-S	SBC	SBC 车规AEC-Q100	车规AEC-Q100	产品类别: SBC | 产品型号: TPT10285Q-DFCR-S | 状态: 量产 | 封装: DFN3X3-8 | 产品描述: 5V, 125mA, LIN SBC | 可替代产品: TJA1028, TLIN1028 | 应用领域: 车用LIN 网络, BCM
TPT10285Q-ES1R-S	SBC	SBC 车规AEC-Q100	车规AEC-Q100	产品类别: SBC | 产品型号: TPT10285Q-ES1R-S | 状态: 量产 | 封装: ESOP8 | 产品描述: 5V, 125mA, LIN SBC | 可替代产品: TJA1028, TLIN1028 | 应用领域: 车用LIN 网络, BCM
TPT10285Q-SO1R-S	SBC	SBC 车规AEC-Q100	车规AEC-Q100	产品类别: SBC | 产品型号: TPT10285Q-SO1R-S | 状态: 量产 | 封装: SOP8 | 产品描述: 5V, 125mA, LIN SBC | 可替代产品: TJA1028, TLIN1028 | 应用领域: 车用LIN 网络, BCM
TPT1029Q-DFCR-S	LIN 收发器	车规AEC-Q100 LIN	车规AEC-Q100	产品类别: LIN 收发器 | 产品型号: TPT1029Q-DFCR-S | 状态: 量产 | 封装: DFN3X3-8 | 产品描述: LIN Transceiver，40V BUS without INH，WAKE Pin, Wettable Flank | 可替代产品: TJA1029 | 应用领域: 车用LIN 网络, 通用产品
TPT1029Q-SO1R-S	LIN 收发器	车规AEC-Q100 LIN	车规AEC-Q100	产品类别: LIN 收发器 | 产品型号: TPT1029Q-SO1R-S | 状态: 量产 | 封装: SOP8 | 产品描述: LIN Transceiver，40V BUS without INH，WAKE Pin | 可替代产品: TJA1029 | 应用领域: 车用LIN 网络, 通用产品
TPT1042EVQ-SO1R-S	CAN 收发器	CAN-FD 车规AEC-Q100	车规AEC-Q100	产品类别: CAN 收发器 | 产品型号: TPT1042EVQ-SO1R-S | 状态: 量产 | 封装: SOP8 | 产品描述: CAN FD, 70V, Standby | 可替代产品: TJA1042, TCAN1042 | 应用领域: 车用CAN 网络, 通用产品
TPT1042Q-DF6R-S	CAN 收发器	CAN-FD 车规AEC-Q100	车规AEC-Q100	产品类别: CAN 收发器 | 产品型号: TPT1042Q-DF6R-S | 状态: 量产 | 封装: DFN3X3-8 | 产品描述: CAN FD, 70V, Standby | 可替代产品: TJA1042, TCAN1042 | 应用领域: 车用CAN 网络, 通用产品
TPT1042Q-SO1R-S	CAN 收发器	CAN-FD 车规AEC-Q100	车规AEC-Q100	产品类别: CAN 收发器 | 产品型号: TPT1042Q-SO1R-S | 状态: 量产 | 封装: SOP8 | 产品描述: CAN FD, 70V, Standby | 可替代产品: TJA1042, TCAN1042 | 应用领域: 车用CAN 网络, 通用产品
TPT1042VQ-DF6R-S	CAN 收发器	CAN-FD 车规AEC-Q100	车规AEC-Q100	产品类别: CAN 收发器 | 产品型号: TPT1042VQ-DF6R-S | 状态: 量产 | 封装: DFN3X3-8 | 产品描述: CAN FD, 70V, Standby | 可替代产品: TJA1042, TCAN1042 | 应用领域: 车用CAN 网络, 通用产品
TPT1042VQ-SO1R-S	CAN 收发器	CAN-FD 车规AEC-Q100	车规AEC-Q100	产品类别: CAN 收发器 | 产品型号: TPT1042VQ-SO1R-S | 状态: 量产 | 封装: SOP8 | 产品描述: CAN FD, 70V, Standby | 可替代产品: TJA1042, TCAN1042 | 应用领域: 车用CAN 网络, 通用产品
TPT1043AQ-DFKR-S	CAN 收发器	CAN-FD 车规AEC-Q100	车规AEC-Q100	产品类别: CAN 收发器 | 产品型号: TPT1043AQ-DFKR-S | 状态: 预量产 | 封装: DFN4.5X3-14 | 产品描述: CAN FD, 42V, Sleep Mode and INH | 可替代产品: TJA1043, TCAN1043 | 应用领域: 车用CAN 网络, 通用产品
TPT1043AQ-SO2R-S	CAN 收发器	CAN-FD 车规AEC-Q100	车规AEC-Q100	产品类别: CAN 收发器 | 产品型号: TPT1043AQ-SO2R-S | 状态: 预量产 | 封装: SOP14 | 产品描述: CAN FD, 42V, Sleep Mode and INH | 可替代产品: TJA1043, TCAN1043 | 应用领域: 车用CAN 网络, 通用产品
TPT1043Q-DFKR-S	CAN 收发器	CAN-FD 车规AEC-Q100	车规AEC-Q100	产品类别: CAN 收发器 | 产品型号: TPT1043Q-DFKR-S | 状态: 量产 | 封装: DFN4.5X3-14 | 产品描述: CAN FD, 70V, Sleep Mode and INH | 可替代产品: TJA1043, TCAN1043 | 应用领域: 车用CAN 网络, 通用产品
TPT1043Q-SO2R-S	CAN 收发器	CAN-FD 车规AEC-Q100	车规AEC-Q100	产品类别: CAN 收发器 | 产品型号: TPT1043Q-SO2R-S | 状态: 量产 | 封装: SOP14 | 产品描述: CAN FD, 70V, Sleep Mode and INH | 可替代产品: TJA1043, TCAN1043 | 应用领域: 车用CAN 网络, 通用产品
TPT1044Q-DFCR-S	CAN 收发器	CAN-FD 车规AEC-Q100	车规AEC-Q100	产品类别: CAN 收发器 | 产品型号: TPT1044Q-DFCR-S | 状态: 量产 | 封装: DFN3X3-8 | 产品描述: CAN FD up to 5Mbps, 42V BUS, Standby, Pin5=NC | 可替代产品: TJA1044, TCAN1044 | 应用领域: 车用CAN 网络, 通用产品
TPT1044Q-SO1R-S	CAN 收发器	CAN-FD 车规AEC-Q100	车规AEC-Q100	产品类别: CAN 收发器 | 产品型号: TPT1044Q-SO1R-S | 状态: 量产 | 封装: SOP8 | 产品描述: CAN FD up to 5Mbps, 42V BUS, Standby, Pin5=NC | 可替代产品: TJA1044, TCAN1044 | 应用领域: 车用CAN 网络, 通用产品
TPT1044VQ-DFCR-S	CAN 收发器	CAN-FD 车规AEC-Q100	车规AEC-Q100	产品类别: CAN 收发器 | 产品型号: TPT1044VQ-DFCR-S | 状态: 量产 | 封装: DFN3X3-8 | 产品描述: CAN FD up to 5Mbps, 42V BUS, Standby, Pin5=VIO | 可替代产品: TJA1044, TCAN1044 | 应用领域: 车用CAN 网络, 通用产品
TPT1044VQ-SO1R-S	CAN 收发器	CAN-FD 车规AEC-Q100	车规AEC-Q100	产品类别: CAN 收发器 | 产品型号: TPT1044VQ-SO1R-S | 状态: 量产 | 封装: SOP8 | 产品描述: CAN FD up to 5Mbps, 42V BUS, Standby, Pin5=VIO | 可替代产品: TJA1044, TCAN1044 | 应用领域: 车用CAN 网络, 通用产品
TPT1051Q-DF6R-S	CAN 收发器	CAN-FD 车规AEC-Q100	车规AEC-Q100	产品类别: CAN 收发器 | 产品型号: TPT1051Q-DF6R-S | 状态: 量产 | 封装: DFN3X3-8 | 产品描述: CAN FD，70V CAN BUS, Pin5=NC | 可替代产品: TJA1051, TCAN1051 | 应用领域: 车用CAN 网络, 通用产品
TPT1051Q-SO1R-S	CAN 收发器	CAN-FD 车规AEC-Q100	车规AEC-Q100	产品类别: CAN 收发器 | 产品型号: TPT1051Q-SO1R-S | 状态: 量产 | 封装: SOP8 | 产品描述: CAN FD，70V CAN BUS, Pin5=NC | 可替代产品: TJA1051, TCAN1051 | 应用领域: 车用CAN 网络, 通用产品
TPT1051VQ-DF6R-S	CAN 收发器	CAN-FD 车规AEC-Q100	车规AEC-Q100	产品类别: CAN 收发器 | 产品型号: TPT1051VQ-DF6R-S | 状态: 量产 | 封装: DFN3X3-8 | 产品描述: CAN FD，70V CAN BUS, Pin5=VIO | 可替代产品: TJA1051, TCAN1051 | 应用领域: 车用CAN 网络, 通用产品
TPT1051VQ-SO1R-S	CAN 收发器	CAN-FD 车规AEC-Q100	车规AEC-Q100	产品类别: CAN 收发器 | 产品型号: TPT1051VQ-SO1R-S | 状态: 量产 | 封装: SOP8 | 产品描述: CAN FD，70V CAN BUS, Pin5=VIO | 可替代产品: TJA1051, TCAN1051 | 应用领域: 车用CAN 网络, 通用产品
TPT1057Q-DFCR-S	CAN 收发器	CAN-FD 车规AEC-Q100	车规AEC-Q100	产品类别: CAN 收发器 | 产品型号: TPT1057Q-DFCR-S | 状态: 量产 | 封装: DFN3X3-8 | 产品描述: CAN FD up to 5Mbps, 42V BUS, Silent, Pin5=NC | 可替代产品: TJA1051, TCAN1051 | 应用领域: 车用CAN 网络, 通用产品
TPT1057Q-SO1R-S	CAN 收发器	CAN-FD 车规AEC-Q100	车规AEC-Q100	产品类别: CAN 收发器 | 产品型号: TPT1057Q-SO1R-S | 状态: 量产 | 封装: SOP8 | 产品描述: CAN FD up to 5Mbps, 42V BUS, Silent, Pin5=NC | 可替代产品: TJA1051, TCAN1051 | 应用领域: 车用CAN 网络, 通用产品
TPT1057VQ-DFCR-S	CAN 收发器	CAN-FD 车规AEC-Q100	车规AEC-Q100	产品类别: CAN 收发器 | 产品型号: TPT1057VQ-DFCR-S | 状态: 量产 | 封装: DFN3X3-8 | 产品描述: CAN FD up to 5Mbps, 42V BUS, Silent, Pin5=VIO | 可替代产品: TJA1051, TCAN1051 | 应用领域: 车用CAN 网络, 通用产品
TPT1057VQ-SO1R-S	CAN 收发器	CAN-FD 车规AEC-Q100	车规AEC-Q100	产品类别: CAN 收发器 | 产品型号: TPT1057VQ-SO1R-S | 状态: 量产 | 封装: SOP8 | 产品描述: CAN FD up to 5Mbps, 42V BUS, Silent, Pin5=VIO | 可替代产品: TJA1051, TCAN1051 | 应用领域: 车用CAN 网络, 通用产品
TPT1145NQ-DFKR-S	CAN 收发器	CAN-FD 车规AEC-Q100	车规AEC-Q100	产品类别: CAN 收发器 | 产品型号: TPT1145NQ-DFKR-S | 状态: 量产 | 封装: DFN4.5X3-14 | 产品描述: CAN FD, 70V, Silent, Selective Wake Up/Wake-Up | 可替代产品: TJA1145, TCAN1145 | 应用领域: 车用CAN 网络, 通用产品
TPT1145NQ-SO2R-S	CAN 收发器	CAN-FD 车规AEC-Q100	车规AEC-Q100	产品类别: CAN 收发器 | 产品型号: TPT1145NQ-SO2R-S | 状态: 量产 | 封装: SOP14 | 产品描述: CAN FD, 70V, Silent, Selective Wake Up/Wake-Up | 可替代产品: TJA1145, TCAN1145 | 应用领域: 车用CAN 网络, 通用产品
TPT11693FQ-DFUR-S	SBC	SBC 车规AEC-Q100	车规AEC-Q100	产品类别: SBC | 产品型号: TPT11693FQ-DFUR-S | 状态: 样品 | 封装: DFN5.5X3.5-20 | 产品描述: CAN SBC，3.3V LDO, Watch dog, SPI, PN | 可替代产品: UJA1169 | 应用领域: 车用CAN 网络, 通用产品
TPT11695FQ-DFUR-S	SBC	SBC 车规AEC-Q100	车规AEC-Q100	产品类别: SBC | 产品型号: TPT11695FQ-DFUR-S | 状态: 预量产 | 封装: DFN5.5X3.5-20 | 产品描述: CAN SBC，5V LDO, Watch dog, SPI, PN | 可替代产品: UJA1169 | 应用领域: 车用CAN 网络, 通用产品
TPT11695XFQ-DFUR-S	SBC	SBC 车规AEC-Q100	车规AEC-Q100	产品类别: SBC | 产品型号: TPT11695XFQ-DFUR-S | 状态: 量产 | 封装: DFN5.5X3.5-20 | 产品描述: CAN SBC，5V LDO+external control, Watch dog, SPI, PN | 可替代产品: UJA1169 | 应用领域: 车用CAN 网络, 通用产品
TPT1445Q-DFKR-S	CAN 收发器	CAN-FD 车规AEC-Q100	车规AEC-Q100	产品类别: CAN 收发器 | 产品型号: TPT1445Q-DFKR-S | 状态: 预量产 | 封装: DFN4.5X3-14 | 产品描述: CAN FD, 42V, Silent, Selective Wake Up/Wake-Up | 可替代产品: TJA1145, TCAN1145 | 应用领域: 车用CAN 网络, 通用产品
TPT1445Q-SO2R-S	CAN 收发器	CAN-FD 车规AEC-Q100	车规AEC-Q100	产品类别: CAN 收发器 | 产品型号: TPT1445Q-SO2R-S | 状态: 预量产 | 封装: SOP14 | 产品描述: CAN FD, 42V, Silent, Selective Wake Up/Wake-Up | 可替代产品: TJA1145, TCAN1145 | 应用领域: 车用CAN 网络, 通用产品
TPT1462Q-DFCR-S	CAN 收发器	CAN-FD 车规AEC-Q100	车规AEC-Q100	产品类别: CAN 收发器 | 产品型号: TPT1462Q-DFCR-S | 状态: 量产 | 封装: DFN3X3-8 | 产品描述: CAN SIC up to 8Mbps, 42V BUS, Standby, Pin5=NC | 可替代产品: TJA1462, TCAN1462 | 应用领域: 车用CAN 网络, 通用产品
TPT1462Q-SO1R-S	CAN 收发器	CAN-FD 车规AEC-Q100	车规AEC-Q100	产品类别: CAN 收发器 | 产品型号: TPT1462Q-SO1R-S | 状态: 量产 | 封装: SOP8 | 产品描述: CAN SIC up to 8Mbps, 42V BUS, Standby, Pin5=NC | 可替代产品: TJA1462, TCAN1462 | 应用领域: 车用CAN 网络, 通用产品
TPT1462VQ-DFCR-S	CAN 收发器	CAN-FD 车规AEC-Q100	车规AEC-Q100	产品类别: CAN 收发器 | 产品型号: TPT1462VQ-DFCR-S | 状态: 量产 | 封装: DFN3X3-8 | 产品描述: CAN SIC up to 8Mbps, 42V BUS, Standby, Pin5=VIO | 可替代产品: TJA1462, TCAN1462 | 应用领域: 车用CAN 网络, 通用产品
TPT1462VQ-SO1R-S	CAN 收发器	CAN-FD 车规AEC-Q100	车规AEC-Q100	产品类别: CAN 收发器 | 产品型号: TPT1462VQ-SO1R-S | 状态: 量产 | 封装: SOP8 | 产品描述: CAN SIC up to 8Mbps, 42V BUS, Standby, Pin5=VIO | 可替代产品: TJA1462, TCAN1462 | 应用领域: 车用CAN 网络, 通用产品
TPT1463Q-DFKR-S	CAN 收发器	CAN-FD 车规AEC-Q100	车规AEC-Q100	产品类别: CAN 收发器 | 产品型号: TPT1463Q-DFKR-S | 状态: 预量产 | 封装: DFN4.5X3-14 | 产品描述: CAN FD SIC, 42V, Sleep Mode and INH | 可替代产品: TJA1463, TCAN1463 | 应用领域: 车用CAN 网络, 通用产品
TPT1463Q-SO2R-S	CAN 收发器	CAN-FD 车规AEC-Q100	车规AEC-Q100	产品类别: CAN 收发器 | 产品型号: TPT1463Q-SO2R-S | 状态: 预量产 | 封装: SOP14 | 产品描述: CAN FD SIC, 42V, Sleep Mode and INH | 可替代产品: TJA1463, TCAN1463 | 应用领域: 车用CAN 网络, 通用产品
TPT20104Q-TS2R-S	自动方向	电平转换 车规AEC-Q100	车规AEC-Q100	产品类别: 自动方向 | 产品型号: TPT20104Q-TS2R-S | 状态: 量产 | 封装: TSSOP14 | 产品描述: 4 bit Bidirectional Level Shifter, 80Mbps, Open-drain and Push-pull | 可替代产品: TXS0104 | 应用领域: 通用产品
TPT20108Q-TS4R-S	自动方向	电平转换 车规AEC-Q100	车规AEC-Q100	产品类别: 自动方向 | 产品型号: TPT20108Q-TS4R-S | 状态: 量产 | 封装: TSSOP20 | 产品描述: 8 bit Bidirectional Level Shifter, 80Mbps, Open-drain and Push-pull | 可替代产品: TXS0108 | 应用领域: 通用产品
TPT20204Q-TS2R-S	自动方向	电平转换 车规AEC-Q100	车规AEC-Q100	产品类别: 自动方向 | 产品型号: TPT20204Q-TS2R-S | 状态: 样品 | 封装: TSSOP14 | 产品描述: 4 bit Bidirectional Level Shifter, 80Mbps, Push-pull
TPT20208Q-TS4R-S	自动方向	电平转换 车规AEC-Q100	车规AEC-Q100	产品类别: 自动方向 | 产品型号: TPT20208Q-TS4R-S | 状态: 预量产 | 封装: TSSOP20 | 产品描述: 8 bit Bidirectional Level Shifter, 80Mbps, Push-pull
TPT29539AQ-TS5R-S	IO 扩展器	I2C IO扩展器 车规AEC-Q100	车规AEC-Q100	产品类别: IO 扩展器 | 产品型号: TPT29539AQ-TS5R-S | 状态: 样品 | 封装: TSSOP24 | 产品描述: I2C to 16bit GPIO Expander with Interrupt and Reset | 可替代产品: TCA9539-Q1, TCAL9539-Q1, | 应用领域: 通用产品
TPT29539Q-TS5R-S	IO 扩展器	I2C IO扩展器 车规AEC-Q100	车规AEC-Q100	产品类别: IO 扩展器 | 产品型号: TPT29539Q-TS5R-S | 状态: 量产 | 封装: TSSOP24 | 产品描述: I2C to 16bit GPIO Expander with Interrupt and Reset | 可替代产品: TCA9539-Q1, TCAL9539-Q1, | 应用领域: 通用产品
TPT29548T-QF8R-S	IO 扩展器	工业级 I2C IO扩展器	工业级	产品类别: IO 扩展器 | 产品型号: TPT29548T-QF8R-S | 状态: 量产 | 封装: QFN4X4-24 | 产品描述: 8 CH I2C Switch with Reset | 可替代产品: PCA9548, TCA9548 | 应用领域: 新能源汽车三电系统 充电桩, Wireless Charing, 照明系统
TPT7710-SO1R-S	数字隔离器	数字隔离器 工业级	工业级	产品类别: 数字隔离器 | 产品型号: TPT7710-SO1R-S | 状态: 预量产 | 封装: SOP8 | 产品描述: 150MBps, 1CH, Digital Isolator | 可替代产品: ISO7710 | 应用领域: 新能源汽车三电系统 充电桩, Wireless Charing, 照明系统
TPT7710F-SO1R-S	数字隔离器	数字隔离器 工业级	工业级	产品类别: 数字隔离器 | 产品型号: TPT7710F-SO1R-S | 状态: 量产 | 封装: SOP8 | 产品描述: 150MBps, 1CH, Digital Isolator | 可替代产品: ISO7710F | 应用领域: 新能源汽车三电系统 充电桩, Wireless Charing, 照明系统
TPT7720-SO1R-S	数字隔离器	数字隔离器 工业级	工业级	产品类别: 数字隔离器 | 产品型号: TPT7720-SO1R-S | 状态: 量产 | 封装: SOP8 | 产品描述: 150Mbps, 2CH, 2/0, Digital Isolator | 可替代产品: ISO7720 | 应用领域: 新能源汽车三电系统 充电桩, Wireless Charing, 照明系统
TPT7720F-SO1R-S	数字隔离器	数字隔离器 工业级	工业级	产品类别: 数字隔离器 | 产品型号: TPT7720F-SO1R-S | 状态: 量产 | 封装: SOP8 | 产品描述: 150Mbps, 2CH, 2/0, Digital Isolator | 可替代产品: ISO7720F | 应用领域: 新能源汽车三电系统 充电桩, Wireless Charing, 照明系统
TPT7720F-SOAR-S	数字隔离器	数字隔离器 工业级	工业级	产品类别: 数字隔离器 | 产品型号: TPT7720F-SOAR-S | 状态: 量产 | 封装: WSOP8 | 产品描述: 150Mbps, 2CH, 2/0, Digital Isolator | 可替代产品: ISO7720F | 应用领域: 新能源汽车三电系统 充电桩, Wireless Charing, 照明系统
TPT7721-SO1R-S	数字隔离器	数字隔离器 工业级	工业级	产品类别: 数字隔离器 | 产品型号: TPT7721-SO1R-S | 状态: 量产 | 封装: SOP8 | 产品描述: 150Mbps, 2CH, 1/1, Digital Isolator | 可替代产品: ISO7721 | 应用领域: 新能源汽车三电系统 充电桩, Wireless Charing, 照明系统
TPT7721-SOAR-S	数字隔离器	数字隔离器 工业级	工业级	产品类别: 数字隔离器 | 产品型号: TPT7721-SOAR-S | 状态: 量产 | 封装: WSOP8 | 产品描述: 150Mbps, 2CH, 1/1, Digital Isolator | 可替代产品: ISO7721 | 应用领域: 新能源汽车三电系统 充电桩, Wireless Charing, 照明系统
TPT7721-SOBR-S	数字隔离器	数字隔离器 工业级	工业级	产品类别: 数字隔离器 | 产品型号: TPT7721-SOBR-S | 状态: 量产 | 封装: WSOP16 | 产品描述: 150Mbps, 2CH, 1/1, Digital Isolator | 可替代产品: ISO7721 | 应用领域: 新能源汽车三电系统 充电桩, Wireless Charing, 照明系统
TPT7721F-SOAR-S	数字隔离器	数字隔离器 工业级	工业级	产品类别: 数字隔离器 | 产品型号: TPT7721F-SOAR-S | 状态: 量产 | 封装: WSOP8 | 产品描述: 150Mbps, 2CH, 1/1, Digital Isolator | 可替代产品: ISO7721F | 应用领域: 新能源汽车三电系统 充电桩, Wireless Charing, 照明系统
TPT7740F-SO3R-S	数字隔离器	数字隔离器 工业级	工业级	产品类别: 数字隔离器 | 产品型号: TPT7740F-SO3R-S | 状态: 量产 | 封装: SOP16 | 产品描述: 150Mbps, 4CH, 4/0, Digital Isolator | 可替代产品: ISO7740F | 应用领域: 新能源汽车三电系统 充电桩, Wireless Charing, 照明系统
TPT7741-SOBR-S	数字隔离器	数字隔离器 工业级	工业级	产品类别: 数字隔离器 | 产品型号: TPT7741-SOBR-S | 状态: 量产 | 封装: WSOP16 | 产品描述: 150Mbps, 4CH, 3/1, Digital Isolator | 可替代产品: ISO7741 | 应用领域: 新能源汽车三电系统 充电桩, Wireless Charing, 照明系统
TPT7741-SSAR-S	数字隔离器	数字隔离器 工业级	工业级	产品类别: 数字隔离器 | 产品型号: TPT7741-SSAR-S | 状态: 量产 | 封装: QSOP16 | 产品描述: 150Mbps, 4CH, 3/1, Digital Isolator | 可替代产品: ISO7741 | 应用领域: 新能源汽车三电系统 充电桩, Wireless Charing, 照明系统
TPT7741F-SO3R-S	数字隔离器	数字隔离器 工业级	工业级	产品类别: 数字隔离器 | 产品型号: TPT7741F-SO3R-S | 状态: 量产 | 封装: SOP16 | 产品描述: 150Mbps, 4CH, 3/1, Digital Isolator | 可替代产品: ISO7741F | 应用领域: 新能源汽车三电系统 充电桩, Wireless Charing, 照明系统
TPT7742-SOBR-S	数字隔离器	数字隔离器 工业级	工业级	产品类别: 数字隔离器 | 产品型号: TPT7742-SOBR-S | 状态: 量产 | 封装: WSOP16 | 产品描述: 150Mbps, 4CH, 2/2, Digital Isolator | 可替代产品: ISO7742 | 应用领域: 新能源汽车三电系统 充电桩, Wireless Charing, 照明系统
TPT7742F-SOBR-S	数字隔离器	数字隔离器 工业级	工业级	产品类别: 数字隔离器 | 产品型号: TPT7742F-SOBR-S | 状态: 量产 | 封装: WSOP16 | 产品描述: 150Mbps, 4CH, 2/2, Digital Isolator | 可替代产品: ISO7742F | 应用领域: 新能源汽车三电系统 充电桩, Wireless Charing, 照明系统
TPU25401Q-FS5R-S	PMIC	车规AEC-Q100 PMIC	车规AEC-Q100	产品类别: PMIC | 产品型号: TPU25401Q-FS5R-S | 状态: 预量产 | 封装: QFN6X6-48 | 产品描述: 5 Buck, 5 LDO, Configurable PMIC for Semidrive X9E/M | 应用领域: 车载信息娱乐系统
TPU25411Q-FS5R-S	PMIC	车规AEC-Q100 PMIC	车规AEC-Q100	产品类别: PMIC | 产品型号: TPU25411Q-FS5R-S | 状态: 预量产 | 封装: QFN6X6-48 | 产品描述: 5 Buck, 5 LDO, Configurable PMIC for Horizen J2x | 应用领域: ADAS
TPV6820SQ-S5TR-S	复位芯片	车规AEC-Q100 复位芯片	车规AEC-Q100	产品类别: 复位芯片 | 产品型号: TPV6820SQ-S5TR-S | 状态: 量产 | 封装: SOT23-5 | 产品描述: Supervisory Circuit with Watchdog and Manual Reset | 可替代产品: TPS3820 | 应用领域: 通用产品
TPV6823SQ-S5TR-S	复位芯片	车规AEC-Q100 复位芯片	车规AEC-Q100	产品类别: 复位芯片 | 产品型号: TPV6823SQ-S5TR-S | 状态: 量产 | 封装: SOT23-5 | 产品描述: Supervisory Circuit with Watchdog and Manual Reset | 可替代产品: TPS3828 | 应用领域: 通用产品
TPV710NTQ-S5TR-S	复位芯片	车规AEC-Q100 复位芯片	车规AEC-Q100	产品类别: 复位芯片 | 产品型号: TPV710NTQ-S5TR-S | 状态: 量产 | 封装: SOT23-5 | 产品描述: Watchdog with Enable Control | 可替代产品: STWD100 | 应用领域: 通用产品
TPV710NWQ-S5TR-S	带看门狗的复位芯片	带看门狗的复位芯片 车规AEC-Q100 复位芯片	车规AEC-Q100	产品类别: 带看门狗的复位芯片 | 产品型号: TPV710NWQ-S5TR-S | 状态: 量产 | 封装: SOT23-5 | 产品描述: Watchdog with Enable Control | 可替代产品: STWD100 | 应用领域: 通用产品
TPV710NYQ-S5TR-S	带看门狗的复位芯片	带看门狗的复位芯片 车规AEC-Q100 复位芯片	车规AEC-Q100	产品类别: 带看门狗的复位芯片 | 产品型号: TPV710NYQ-S5TR-S | 状态: 量产 | 封装: SOT23-5 | 产品描述: Watchdog with Enable Control | 可替代产品: STWD100 | 应用领域: 通用产品
TPV710NZQ-S5TR-S	带看门狗的复位芯片	带看门狗的复位芯片 车规AEC-Q100 复位芯片	车规AEC-Q100	产品类别: 带看门狗的复位芯片 | 产品型号: TPV710NZQ-S5TR-S | 状态: 量产 | 封装: SOT23-5 | 产品描述: Watchdog with Enable Control | 可替代产品: STWD100 | 应用领域: 通用产品
TPV830816Q-S6TR-S	复位芯片	车规AEC-Q100 复位芯片	车规AEC-Q100	产品类别: 复位芯片 | 产品型号: TPV830816Q-S6TR-S | 状态: 量产 | 封装: SOT23-6 | 产品描述: Supervisory Circuit with Programmable Reset Delay | 可替代产品: TPS3808Q | 应用领域: 通用产品
TPV830830Q-S6TR-S	复位芯片	车规AEC-Q100 复位芯片	车规AEC-Q100	产品类别: 复位芯片 | 产品型号: TPV830830Q-S6TR-S | 状态: 量产 | 封装: SOT23-6 | 产品描述: Supervisory Circuit with Programmable Reset Delay | 可替代产品: TPS3808Q | 应用领域: 通用产品
TPV8308ADQ-S6TR-S	复位芯片	车规AEC-Q100 复位芯片	车规AEC-Q100	产品类别: 复位芯片 | 产品型号: TPV8308ADQ-S6TR-S | 状态: 量产 | 封装: SOT23-6 | 产品描述: Supervisory Circuit with Programmable Reset Delay | 可替代产品: TPS3808Q | 应用领域: 通用产品
TPV8368SAQ-S6TR-S	复位芯片	车规AEC-Q100 复位芯片	车规AEC-Q100	产品类别: 复位芯片 | 产品型号: TPV8368SAQ-S6TR-S | 状态: 量产 | 封装: SOT23-6 | 产品描述: High Voltage Sense and Low IQ Supervisory with Programmable Delay | 可替代产品: R3121N030E-TR-KE | 应用领域: 通用产品
TPV8368SZQ-S5TR-S	复位芯片	车规AEC-Q100 复位芯片	车规AEC-Q100	产品类别: 复位芯片 | 产品型号: TPV8368SZQ-S5TR-S | 状态: 量产 | 封装: SOT23-5 | 产品描述: High Voltage Sense and Low IQ Supervisory with Programmable Delay | 可替代产品: R3121N030E-TR-KE | 应用领域: 通用产品
TPW20400QAQ-QFOR-S	高边开关	车规AEC-Q100 负载开关 高边开关	车规AEC-Q100	产品类别: 高边开关 | 产品型号: TPW20400QAQ-QFOR-S | 状态: 预量产 | 封装: QFN4X4-20 | 产品描述: 4CH 400mΩ High-Side Power Switch (ASIL-B) | 可替代产品: MAX20087 | 应用领域: 通用产品, 摄像头模组
TPW20400QQ-QFOR-S	高边开关	车规AEC-Q100 负载开关 高边开关	车规AEC-Q100	产品类别: 高边开关 | 产品型号: TPW20400QQ-QFOR-S | 状态: 预量产 | 封装: QFN4X4-20 | 产品描述: 4CH 400mΩ High-Side Power Switch | 可替代产品: MAX20086 | 应用领域: 通用产品, 摄像头模组
TPW3188-TS3R-S	低压模拟开关	工业级 模拟开关	工业级	产品类别: 低压模拟开关 | 产品型号: TPW3188-TS3R-S | 状态: 量产 | 封装: TSSOP16 | 产品描述: 5V, 8 to 1, Analog Switch, 500MHz | 可替代产品: TMUX1308 | 应用领域: 通用产品, 域控制器架构
TPW3188AQ-TS3R-S	低压模拟开关	车规AEC-Q100 模拟开关	车规AEC-Q100	产品类别: 低压模拟开关 | 产品型号: TPW3188AQ-TS3R-S | 状态: 量产 | 封装: TSSOP16 | 产品描述: 5V, 8 to 1, Analog Switch, 500MHz | 可替代产品: TMUX1308 | 应用领域: 通用产品, 域控制器架构
TPW3188Q-QN4R-S	低压模拟开关	车规AEC-Q100 模拟开关	车规AEC-Q100	产品类别: 低压模拟开关 | 产品型号: TPW3188Q-QN4R-S | 状态: 量产 | 封装: QFN2.5X3.5-16 | 产品描述: 5V, 8 to 1, Analog Switch, 500MHz | 可替代产品: TMUX1308
TPW3188Q-TS3R-S	低压模拟开关	车规AEC-Q100 模拟开关	车规AEC-Q100	产品类别: 低压模拟开关 | 产品型号: TPW3188Q-TS3R-S | 状态: 量产 | 封装: TSSOP16 | 产品描述: 5V, 8 to 1, Analog Switch, 500MHz | 可替代产品: TMUX1308
TPW3221Q-VS2R-S	低压模拟开关	车规AEC-Q100 模拟开关	车规AEC-Q100	产品类别: 低压模拟开关 | 产品型号: TPW3221Q-VS2R-S | 状态: 样品 | 封装: MSOP10 | 产品描述: 5V Switch, 2 TO 1, 2CH
